age,monthly_income,category,amount,payment_method,merchant_type,days_since_last_expense,monthly_expense_count,budget_limit,amount_to_budget_ratio,income_expense_ratio,high_risk_expense
56,141209,Bills,2622.5,Cash,Utility,19,36,28343,0.093,0.0186,0
46,107124,Food,3070.53,Net Banking,Local,0,25,22206,0.138,0.0287,0
32,106659,Shopping,5460.58,Cash,Utility,15,11,25160,0.217,0.0512,1
25,90713,Healthcare,1181.69,Cash,Subscription,29,44,22835,0.052,0.013,0
38,90418,Shopping,5483.22,Net Banking,Local,28,14,19985,0.274,0.0606,1
56,143232,Other,1734.55,UPI,Education,22,45,7109,0.244,0.0121,0
36,46575,Healthcare,972.41,Net Banking,Education,23,29,9814,0.099,0.0209,0
40,78852,Food,1201.12,UPI,Restaurant,1,10,16758,0.072,0.0152,0
28,147079,Other,2521.54,Cash,Online,6,50,5809,0.434,0.0171,0
28,91242,Shopping,863.76,UPI,Utility,5,48,511,1.69,0.0095,1
41,44257,Travel,1350.68,Wallet,Restaurant,4,5,24654,0.055,0.0305,0
53,76246,Shopping,2187.09,Net Banking,Restaurant,28,8,15889,0.138,0.0287,0
57,16435,Education,4457.26,Wallet,Transport,3,46,26824,0.166,0.2712,1
41,106357,Bills,3014.05,Cash,Utility,1,5,28185,0.107,0.0283,0
20,98807,Entertainment,1784.08,Net Banking,Restaurant,9,58,26952,0.066,0.0181,0
39,130953,Travel,2514.01,Cash,Transport,21,24,27695,0.091,0.0192,0
19,138797,Education,2044.55,Wallet,Restaurant,4,40,22297,0.092,0.0147,0
41,78888,Healthcare,674.92,Cash,Online,17,57,14171,0.048,0.0086,0
47,88609,Bills,4945.09,Net Banking,Subscription,9,26,6274,0.788,0.0558,0
55,24077,Food,4501.52,Net Banking,Transport,22,6,17063,0.264,0.187,1
19,35953,Travel,1640.7,Cash,Subscription,21,16,1296,1.266,0.0456,1
38,129682,Entertainment,1233.58,Net Banking,Utility,27,36,7779,0.159,0.0095,0
50,82889,Bills,687.98,Net Banking,Online,14,12,28889,0.024,0.0083,0
29,130374,Healthcare,2617.93,Cash,Transport,30,11,7688,0.341,0.0201,0
39,39860,Other,2629.07,Wallet,Utility,26,3,24196,0.109,0.066,0
42,92475,Other,922.37,Net Banking,Restaurant,8,44,2524,0.365,0.01,0
44,102266,Entertainment,2060.92,Net Banking,Education,10,37,8166,0.252,0.0202,0
59,115732,Food,2954.08,Net Banking,Local,25,6,3717,0.795,0.0255,0
45,42083,Food,1171.63,Net Banking,Utility,20,19,7084,0.165,0.0278,0
33,72372,Healthcare,1499.81,Cash,Subscription,24,18,25962,0.058,0.0207,0
32,138786,Travel,1489.37,Wallet,Online,24,16,27544,0.054,0.0107,0
20,22813,Healthcare,969.04,Wallet,Online,28,23,28463,0.034,0.0425,0
54,46598,Shopping,1521.87,UPI,Utility,16,43,5785,0.263,0.0327,0
24,108106,Food,454.62,Net Banking,Restaurant,20,37,7870,0.058,0.0042,0
38,42082,Bills,1434.27,Net Banking,Local,8,9,18403,0.078,0.0341,0
26,44241,Shopping,1450.2,UPI,Subscription,22,3,23495,0.062,0.0328,0
56,26745,Other,1655.19,Wallet,Utility,15,8,7356,0.225,0.0619,0
35,41029,Other,2391.19,Card,Utility,5,38,2932,0.816,0.0583,1
21,138395,Education,642.31,Card,Education,21,4,23341,0.028,0.0046,0
42,104186,Entertainment,746.82,Wallet,Online,10,12,5366,0.139,0.0072,0
31,112768,Shopping,949.92,Net Banking,Subscription,22,44,14066,0.068,0.0084,0
26,56846,Entertainment,587.1,Card,Local,16,31,5554,0.106,0.0103,0
43,90932,Healthcare,2573.03,Cash,Online,3,25,9608,0.268,0.0283,0
19,38411,Shopping,1133.56,Cash,Utility,28,53,18954,0.06,0.0295,0
37,93797,Healthcare,1691.64,UPI,Online,14,16,29052,0.058,0.018,0
45,67307,Education,887.79,Wallet,Online,0,42,2281,0.389,0.0132,0
24,149165,Food,1325.45,Wallet,Transport,21,54,25414,0.052,0.0089,0
25,37042,Other,2128.12,Card,Online,29,14,18400,0.116,0.0575,0
52,67930,Education,2197.88,Net Banking,Restaurant,28,13,11562,0.19,0.0324,0
31,112883,Other,773.12,Wallet,Online,19,41,12274,0.063,0.0068,0
34,48756,Food,1632.83,Card,Restaurant,0,7,22375,0.073,0.0335,0
53,68268,Healthcare,899.74,Card,Subscription,8,12,25990,0.035,0.0132,0
57,63901,Food,1590.47,Wallet,Online,11,37,22833,0.07,0.0249,0
21,114986,Other,1063.41,Card,Local,3,50,16458,0.065,0.0092,0
19,143386,Other,5141.0,UPI,Restaurant,27,4,20174,0.255,0.0359,1
23,20626,Entertainment,2943.13,UPI,Restaurant,21,2,21454,0.137,0.1427,1
59,27857,Bills,2262.24,Wallet,Utility,12,35,10138,0.223,0.0812,1
21,148052,Education,1409.88,Net Banking,Subscription,6,58,1879,0.75,0.0095,0
46,41431,Shopping,2998.25,UPI,Online,7,44,10175,0.295,0.0724,0
35,99976,Other,1666.38,UPI,Education,27,3,24554,0.068,0.0167,0
43,97711,Education,4817.35,Wallet,Local,12,4,10766,0.447,0.0493,0
51,41385,Entertainment,3192.52,Cash,Utility,10,38,17684,0.181,0.0771,0
27,33639,Food,1318.43,Card,Subscription,8,12,15695,0.084,0.0392,0
53,100530,Entertainment,4477.71,UPI,Restaurant,24,19,26322,0.17,0.0445,0
31,36563,Travel,1415.11,Cash,Local,23,10,11429,0.124,0.0387,0
48,130672,Travel,5327.55,Net Banking,Online,15,1,5767,0.924,0.0408,1
32,97970,Shopping,4627.33,Cash,Education,9,17,20379,0.227,0.0472,0
25,100553,Entertainment,2120.36,Wallet,Transport,10,16,29910,0.071,0.0211,0
31,97879,Healthcare,470.03,Net Banking,Transport,30,9,3757,0.125,0.0048,0
40,59859,Shopping,2010.9,Net Banking,Subscription,11,57,23442,0.086,0.0336,0
57,67098,Healthcare,709.71,Cash,Education,27,53,12569,0.056,0.0106,0
38,137413,Shopping,1087.91,Wallet,Local,30,9,1481,0.735,0.0079,0
33,15526,Travel,1150.45,UPI,Utility,13,59,11168,0.103,0.0741,0
35,83760,Shopping,704.73,Cash,Local,18,55,18972,0.037,0.0084,0
41,62837,Travel,2016.04,UPI,Education,11,9,19836,0.102,0.0321,0
43,26536,Other,992.82,Cash,Restaurant,17,12,26087,0.038,0.0374,0
42,43541,Food,1462.18,UPI,Transport,20,55,12156,0.12,0.0336,0
58,94083,Healthcare,1157.8,Cash,Subscription,16,41,27826,0.042,0.0123,0
46,49531,Entertainment,2398.0,Net Banking,Online,2,15,19010,0.126,0.0484,0
32,23712,Other,2284.19,Card,Local,0,2,21696,0.105,0.0963,1
18,119101,Other,1379.22,Net Banking,Transport,28,11,8563,0.161,0.0116,0
42,80455,Shopping,2477.17,UPI,Utility,18,11,20745,0.119,0.0308,0
24,89744,Travel,3739.6,Wallet,Subscription,28,8,22787,0.164,0.0417,0
26,144749,Education,248.64,Net Banking,Online,3,55,19475,0.013,0.0017,0
41,20109,Healthcare,1108.79,Card,Local,22,32,10165,0.109,0.0551,0
18,64268,Other,821.51,UPI,Utility,27,6,27597,0.03,0.0128,0
25,69615,Shopping,1035.39,Net Banking,Online,15,53,26241,0.039,0.0149,0
41,97503,Bills,207.13,Cash,Restaurant,30,20,20206,0.01,0.0021,0
28,100708,Food,238.83,Wallet,Transport,11,39,6937,0.034,0.0024,0
34,117471,Food,1187.39,UPI,Restaurant,20,35,25685,0.046,0.0101,0
25,98309,Education,1162.43,Net Banking,Transport,20,8,10875,0.107,0.0118,0
52,141446,Travel,4080.68,UPI,Utility,12,50,27607,0.148,0.0288,0
52,121661,Shopping,1909.75,Cash,Restaurant,16,49,3361,0.568,0.0157,0
50,21154,Healthcare,2435.69,Card,Transport,7,43,13342,0.183,0.1151,1
22,79288,Travel,12659.08,Net Banking,Subscription,12,34,18539,0.683,0.1597,1
59,66195,Food,249.51,UPI,Utility,19,57,18639,0.013,0.0038,0
56,35581,Travel,4868.28,UPI,Transport,25,53,25121,0.194,0.1368,1
58,45087,Food,1674.66,UPI,Local,4,59,26335,0.064,0.0371,0
45,84298,Travel,1260.47,Card,Transport,17,56,6727,0.187,0.015,0
24,61167,Education,1122.21,UPI,Restaurant,14,19,21522,0.052,0.0183,0
26,54499,Entertainment,2168.62,Wallet,Subscription,11,7,11924,0.182,0.0398,0
25,140816,Education,1268.44,Wallet,Online,28,31,10143,0.125,0.009,0
29,111347,Education,688.34,UPI,Online,16,18,10810,0.064,0.0062,0
51,63787,Entertainment,1153.97,Wallet,Transport,24,40,19451,0.059,0.0181,0
50,50488,Entertainment,2210.44,Net Banking,Online,14,14,27068,0.082,0.0438,0
40,89441,Other,2721.76,Wallet,Transport,1,39,15733,0.173,0.0304,0
41,37431,Other,5182.45,UPI,Subscription,5,53,13700,0.378,0.1385,1
54,76681,Shopping,1853.5,Cash,Online,16,59,20007,0.093,0.0242,0
52,137720,Healthcare,3880.33,Net Banking,Restaurant,15,36,22048,0.176,0.0282,0
57,64153,Healthcare,1501.79,Card,Restaurant,16,17,11032,0.136,0.0234,0
39,21368,Shopping,1652.3,UPI,Local,24,37,23965,0.069,0.0773,0
44,127360,Education,1591.1,Card,Transport,19,44,21791,0.073,0.0125,0
52,127755,Education,2008.09,Cash,Online,8,9,10180,0.197,0.0157,0
18,71985,Food,3041.39,Card,Restaurant,26,58,26649,0.114,0.0423,0
52,65069,Food,1229.8,UPI,Education,4,20,21846,0.056,0.0189,0
54,67326,Healthcare,856.63,UPI,Subscription,22,45,11119,0.077,0.0127,0
31,123737,Shopping,3199.72,Cash,Subscription,0,57,7650,0.418,0.0259,0
20,65861,Bills,3053.86,UPI,Education,5,28,2266,1.348,0.0464,1
18,90897,Other,4269.4,Cash,Education,23,50,4049,1.054,0.047,1
22,142118,Bills,1091.39,Cash,Local,13,20,19193,0.057,0.0077,0
43,83577,Shopping,1463.25,UPI,Subscription,16,41,29751,0.049,0.0175,0
31,24078,Food,3277.51,Wallet,Subscription,24,36,27480,0.119,0.1361,1
56,77768,Healthcare,1219.19,Cash,Online,18,53,10134,0.12,0.0157,0
44,66047,Healthcare,2647.03,UPI,Transport,0,27,29869,0.089,0.0401,0
26,86626,Food,1506.47,Wallet,Utility,0,8,2476,0.608,0.0174,0
32,72660,Bills,2160.81,Cash,Subscription,12,32,16060,0.135,0.0297,0
32,147997,Travel,677.04,Wallet,Subscription,13,1,12665,0.053,0.0046,0
43,132832,Travel,1836.97,Net Banking,Utility,26,17,24064,0.076,0.0138,0
59,145406,Food,3692.05,Net Banking,Subscription,5,57,2990,1.235,0.0254,1
30,140150,Travel,2878.7,Wallet,Online,26,9,25801,0.112,0.0205,0
49,48320,Entertainment,812.47,Cash,Online,5,20,12495,0.065,0.0168,0
56,79881,Shopping,4924.77,UPI,Utility,0,45,21265,0.232,0.0617,0
49,105827,Shopping,3549.02,Card,Restaurant,29,32,12519,0.283,0.0335,0
21,117215,Food,703.8,UPI,Subscription,13,2,22871,0.031,0.006,0
47,149461,Education,1159.88,Card,Restaurant,2,32,7925,0.146,0.0078,0
54,76550,Other,736.94,Card,Subscription,22,45,13357,0.055,0.0096,0
40,39826,Bills,2201.8,Cash,Transport,9,9,20503,0.107,0.0553,0
56,115734,Food,1121.74,Wallet,Subscription,18,30,27963,0.04,0.0097,0
32,113511,Travel,305.04,UPI,Online,18,20,22944,0.013,0.0027,0
46,26653,Bills,1647.01,Wallet,Local,18,38,9189,0.179,0.0618,0
53,96941,Education,3118.29,Net Banking,Education,27,1,4476,0.697,0.0322,0
30,48662,Travel,1863.42,Cash,Local,22,57,14705,0.127,0.0383,0
49,113818,Healthcare,2490.81,Cash,Local,3,5,1204,2.069,0.0219,1
24,110081,Other,1987.87,Net Banking,Local,19,35,5952,0.334,0.0181,0
39,51877,Entertainment,2801.25,UPI,Education,18,36,13349,0.21,0.054,0
45,126562,Travel,2110.62,Net Banking,Restaurant,9,1,6594,0.32,0.0167,0
19,87715,Entertainment,1583.59,UPI,Education,26,14,29203,0.054,0.0181,0
59,125091,Bills,1847.45,Card,Restaurant,24,9,4181,0.442,0.0148,0
23,147632,Entertainment,4369.52,Cash,Education,1,30,21022,0.208,0.0296,0
45,94148,Bills,2584.48,UPI,Education,3,24,18800,0.137,0.0275,0
45,98186,Bills,810.29,Wallet,Subscription,23,4,10066,0.08,0.0083,0
37,138629,Bills,1827.09,Wallet,Restaurant,5,50,8001,0.228,0.0132,0
47,85316,Bills,2175.33,Cash,Subscription,29,14,2345,0.928,0.0255,1
28,43380,Bills,1546.23,Net Banking,Transport,6,25,21538,0.072,0.0356,0
45,125198,Travel,306.6,Net Banking,Subscription,15,4,6913,0.044,0.0024,0
42,17356,Bills,878.58,UPI,Local,28,25,24995,0.035,0.0506,0
56,85326,Travel,1271.01,Net Banking,Utility,6,10,8490,0.15,0.0149,0
50,107447,Bills,5284.28,Cash,Utility,17,35,10128,0.522,0.0492,1
18,129994,Entertainment,2401.32,UPI,Online,19,55,13730,0.175,0.0185,0
44,35049,Healthcare,455.25,Card,Online,25,7,19974,0.023,0.013,0
30,120361,Bills,1617.47,Net Banking,Subscription,25,42,18254,0.089,0.0134,0
58,31082,Education,3944.42,Net Banking,Education,21,13,18812,0.21,0.1269,1
20,15661,Bills,1109.71,UPI,Education,18,4,2136,0.52,0.0709,0
56,17920,Bills,3357.61,Wallet,Utility,8,50,23064,0.146,0.1874,1
23,94561,Entertainment,468.72,Net Banking,Local,28,43,25167,0.019,0.005,0
25,23946,Other,99.58,Cash,Restaurant,19,57,18727,0.005,0.0042,0
44,31309,Shopping,3680.26,Net Banking,Local,9,36,25260,0.146,0.1175,1
26,70230,Entertainment,1222.41,Card,Local,12,56,29899,0.041,0.0174,0
54,126822,Education,1296.12,Net Banking,Subscription,17,14,26647,0.049,0.0102,0
50,127340,Shopping,1975.2,Wallet,Subscription,15,18,15207,0.13,0.0155,0
59,74321,Food,2345.13,Net Banking,Transport,21,8,17715,0.132,0.0316,0
41,147028,Food,151.9,UPI,Local,16,32,29516,0.005,0.001,0
32,89131,Other,1043.62,Net Banking,Education,21,27,6038,0.173,0.0117,0
49,40963,Education,1803.58,Wallet,Education,12,42,22199,0.081,0.044,0
49,116757,Entertainment,2341.58,UPI,Local,11,37,10817,0.216,0.0201,0
41,114259,Travel,802.48,Cash,Subscription,9,23,12954,0.062,0.007,0
58,54063,Education,1488.54,UPI,Subscription,0,7,15949,0.093,0.0275,0
29,129225,Healthcare,1107.06,Card,Transport,29,12,8955,0.124,0.0086,0
56,131400,Shopping,2021.06,UPI,Transport,7,25,22211,0.091,0.0154,0
19,95818,Shopping,3596.26,Cash,Online,20,3,15559,0.231,0.0375,0
20,19703,Bills,1349.52,Net Banking,Utility,21,26,16130,0.084,0.0685,0
54,87099,Food,544.83,UPI,Local,17,4,1786,0.305,0.0063,0
34,46585,Other,999.93,UPI,Education,1,42,2029,0.493,0.0215,0
19,58585,Shopping,4893.75,UPI,Local,15,36,10500,0.466,0.0835,1
19,41958,Education,881.36,UPI,Transport,11,15,7155,0.123,0.021,0
45,41017,Shopping,642.96,Cash,Transport,8,32,2377,0.27,0.0157,0
40,139677,Other,1288.92,Wallet,Online,2,29,10441,0.123,0.0092,0
54,44426,Other,1617.76,Wallet,Utility,21,10,26985,0.06,0.0364,0
49,32778,Other,1159.55,UPI,Online,25,21,27699,0.042,0.0354,0
50,57229,Education,471.09,Cash,Education,20,54,22315,0.021,0.0082,0
18,101652,Travel,2157.28,Cash,Utility,29,16,26273,0.082,0.0212,0
36,143267,Bills,2022.49,UPI,Restaurant,27,47,19362,0.104,0.0141,0
19,141503,Food,2733.87,Card,Local,3,19,13555,0.202,0.0193,0
43,99878,Shopping,1991.27,UPI,Online,25,29,27586,0.072,0.0199,0
49,72056,Education,4641.49,Card,Transport,1,52,16984,0.273,0.0644,0
23,34975,Entertainment,2874.78,UPI,Online,7,51,3587,0.801,0.0822,1
49,103397,Food,2505.92,Card,Restaurant,9,18,6328,0.396,0.0242,0
21,48142,Travel,3680.81,Card,Online,15,58,24309,0.151,0.0765,0
28,41916,Education,1908.57,UPI,Local,22,44,26995,0.071,0.0455,0
34,79324,Healthcare,1511.68,Card,Restaurant,10,57,19175,0.079,0.0191,0
55,140932,Healthcare,2140.74,Net Banking,Transport,17,16,22351,0.096,0.0152,0
41,111059,Bills,291.69,Wallet,Transport,21,1,28396,0.01,0.0026,0
22,113317,Bills,1912.82,Cash,Subscription,13,48,25180,0.076,0.0169,0
51,50046,Travel,1616.51,Card,Restaurant,7,2,17577,0.092,0.0323,0
23,116459,Travel,2300.59,Card,Subscription,22,56,22670,0.101,0.0198,0
39,60893,Bills,3364.08,Cash,Subscription,14,15,5906,0.57,0.0552,0
28,116520,Shopping,2554.55,Card,Local,16,39,11932,0.214,0.0219,0
33,140818,Shopping,1002.07,Cash,Online,20,28,3991,0.251,0.0071,0
50,76272,Education,3016.89,UPI,Transport,17,1,13858,0.218,0.0396,0
26,82649,Entertainment,4683.99,Net Banking,Transport,5,5,13854,0.338,0.0567,0
23,79674,Education,3420.26,Net Banking,Online,22,42,3892,0.879,0.0429,1
33,101475,Entertainment,588.82,Wallet,Transport,29,22,29989,0.02,0.0058,0
46,76367,Travel,2536.7,Card,Online,13,53,2768,0.916,0.0332,1
20,136750,Food,668.1,Wallet,Restaurant,22,36,6132,0.109,0.0049,0
37,133154,Education,1405.34,UPI,Local,2,46,4283,0.328,0.0106,0
53,59738,Education,2255.13,Net Banking,Local,6,13,28588,0.079,0.0378,0
36,48397,Entertainment,2058.58,UPI,Education,14,1,14979,0.137,0.0425,0
43,97189,Other,3377.6,UPI,Local,20,16,25965,0.13,0.0348,0
20,91367,Travel,4698.33,Card,Online,23,55,15887,0.296,0.0514,0
36,135585,Travel,2409.28,UPI,Education,30,41,22857,0.105,0.0178,0
37,91619,Healthcare,1327.09,Net Banking,Online,27,22,6469,0.205,0.0145,0
49,126453,Other,306.06,Wallet,Utility,15,32,9481,0.032,0.0024,0
24,34816,Entertainment,3928.3,Net Banking,Education,15,16,21532,0.182,0.1128,1
58,94530,Travel,1622.65,Card,Transport,7,51,21823,0.074,0.0172,0
50,123856,Other,1684.22,Net Banking,Transport,6,15,9350,0.18,0.0136,0
57,86635,Bills,1781.33,Cash,Utility,5,58,24908,0.072,0.0206,0
56,122803,Other,2335.73,Wallet,Utility,1,46,24741,0.094,0.019,0
35,50946,Shopping,2382.04,Cash,Local,21,52,15672,0.152,0.0468,0
57,70204,Healthcare,1421.92,Cash,Utility,12,42,17902,0.079,0.0203,0
18,30563,Bills,1611.07,Card,Online,11,53,18837,0.086,0.0527,0
28,107324,Food,1092.42,UPI,Subscription,14,12,26266,0.042,0.0102,0
45,24847,Education,1001.45,Cash,Online,26,1,28782,0.035,0.0403,0
42,41155,Healthcare,997.63,Net Banking,Education,8,53,4157,0.24,0.0242,0
40,94671,Food,1597.56,UPI,Utility,30,17,21730,0.074,0.0169,0
48,131891,Education,851.06,Net Banking,Transport,1,41,19180,0.044,0.0065,0
47,98310,Shopping,91.3,Net Banking,Online,16,55,17658,0.005,0.0009,0
59,146691,Other,1309.97,UPI,Transport,26,51,19695,0.067,0.0089,0
52,49707,Travel,621.56,UPI,Online,28,57,10072,0.062,0.0125,0
24,96537,Bills,1868.16,Net Banking,Transport,4,50,3682,0.507,0.0194,0
33,106155,Entertainment,1089.13,Card,Restaurant,10,28,13479,0.081,0.0103,0
43,15281,Bills,2355.26,Wallet,Online,21,7,8367,0.281,0.1541,1
19,147130,Shopping,672.79,Wallet,Education,18,9,15655,0.043,0.0046,0
18,91260,Food,365.4,Card,Transport,23,22,13506,0.027,0.004,0
29,79178,Entertainment,1613.97,UPI,Subscription,6,26,4829,0.334,0.0204,0
22,48997,Travel,1268.67,Net Banking,Education,1,53,23051,0.055,0.0259,0
54,134273,Shopping,575.11,Wallet,Local,15,12,3597,0.16,0.0043,0
49,147311,Entertainment,2876.3,Net Banking,Online,11,7,1904,1.511,0.0195,1
26,141945,Shopping,774.41,Card,Subscription,22,46,28877,0.027,0.0055,0
58,60272,Other,964.23,Net Banking,Local,14,47,5601,0.172,0.016,0
52,104393,Shopping,3237.28,Card,Online,30,15,1869,1.732,0.031,1
36,76212,Travel,2447.14,UPI,Subscription,0,38,22381,0.109,0.0321,0
33,135030,Healthcare,705.52,Card,Subscription,24,21,7165,0.098,0.0052,0
20,71503,Education,1355.19,Card,Education,12,14,18948,0.072,0.019,0
37,21570,Entertainment,646.26,Wallet,Restaurant,22,2,27368,0.024,0.03,0
41,83785,Other,3085.94,Net Banking,Subscription,5,8,3265,0.945,0.0368,1
50,24110,Travel,3084.59,Wallet,Restaurant,12,45,19701,0.157,0.1279,1
41,94141,Shopping,5133.44,Cash,Utility,17,55,24675,0.208,0.0545,1
28,27115,Other,6387.17,Card,Education,2,6,1216,5.253,0.2356,1
25,54062,Travel,1079.22,Cash,Transport,0,37,14350,0.075,0.02,0
53,37911,Healthcare,2767.6,Wallet,Education,14,37,20924,0.132,0.073,0
55,119061,Other,315.36,Net Banking,Local,25,57,2211,0.143,0.0026,0
57,47556,Other,1968.14,Wallet,Transport,12,33,26301,0.075,0.0414,0
37,143335,Education,2309.32,Net Banking,Transport,4,41,22251,0.104,0.0161,0
52,16969,Bills,810.0,Net Banking,Restaurant,24,6,6761,0.12,0.0477,0
42,58753,Entertainment,1027.47,UPI,Transport,12,52,16892,0.061,0.0175,0
52,136863,Education,3098.19,Card,Subscription,21,26,25673,0.121,0.0226,0
42,25225,Food,2348.16,Wallet,Restaurant,4,39,21002,0.112,0.0931,1
46,138008,Entertainment,4727.03,Net Banking,Transport,27,41,6586,0.718,0.0343,0
35,120823,Education,4385.33,Wallet,Restaurant,18,37,23267,0.188,0.0363,0
35,28669,Shopping,405.36,Wallet,Utility,20,14,26684,0.015,0.0141,0
19,139398,Entertainment,1164.12,Net Banking,Restaurant,23,37,14862,0.078,0.0084,0
52,125677,Entertainment,741.3,Cash,Online,27,8,11723,0.063,0.0059,0
33,63320,Travel,2844.19,Card,Subscription,17,39,16720,0.17,0.0449,0
58,140354,Shopping,2103.62,Card,Local,20,13,13892,0.151,0.015,0
53,103009,Food,784.52,UPI,Online,21,13,20551,0.038,0.0076,0
50,43625,Bills,889.01,UPI,Online,9,40,2746,0.324,0.0204,0
21,39089,Other,3782.65,UPI,Online,23,43,20510,0.184,0.0968,1
50,51487,Healthcare,1266.74,Card,Transport,7,28,29147,0.043,0.0246,0
31,125448,Education,267.33,Cash,Restaurant,14,58,3322,0.08,0.0021,0
38,65138,Travel,727.3,Card,Restaurant,20,18,25167,0.029,0.0112,0
37,69061,Education,5346.78,Card,Education,24,57,17734,0.301,0.0774,1
25,116376,Food,3298.22,Card,Transport,19,19,17991,0.183,0.0283,0
24,94134,Other,611.14,Card,Subscription,27,38,17183,0.036,0.0065,0
20,62055,Food,1967.52,Cash,Transport,24,32,24986,0.079,0.0317,0
34,34508,Entertainment,3167.33,UPI,Transport,26,22,27419,0.116,0.0918,1
50,125169,Healthcare,400.16,Wallet,Transport,22,2,10169,0.039,0.0032,0
29,23125,Food,3397.07,UPI,Subscription,21,13,22284,0.152,0.1469,1
39,51059,Education,2333.17,UPI,Education,3,23,1582,1.475,0.0457,1
39,118409,Shopping,980.13,Wallet,Subscription,1,25,11648,0.084,0.0083,0
47,20704,Shopping,2586.3,Card,Utility,23,28,27994,0.092,0.1249,1
55,126279,Entertainment,2123.94,Cash,Education,5,58,8667,0.245,0.0168,0
55,133516,Bills,2223.79,Cash,Utility,27,11,10057,0.221,0.0167,0
25,129044,Education,1918.75,UPI,Utility,30,33,19684,0.097,0.0149,0
44,44165,Education,862.81,Wallet,Utility,2,24,12228,0.071,0.0195,0
44,82203,Food,997.59,Net Banking,Restaurant,6,2,4451,0.224,0.0121,0
51,19114,Healthcare,1453.89,Card,Online,9,30,15177,0.096,0.0761,0
38,51321,Education,1787.2,UPI,Online,22,17,16469,0.109,0.0348,0
47,88297,Travel,2688.24,Cash,Utility,5,40,27185,0.099,0.0304,0
50,111652,Bills,5425.96,Wallet,Utility,15,34,9467,0.573,0.0486,1
45,114304,Food,2030.97,Wallet,Local,1,38,7268,0.279,0.0178,0
50,32772,Travel,2656.92,UPI,Online,23,22,18336,0.145,0.0811,1
22,118754,Entertainment,3063.58,Net Banking,Local,16,5,18565,0.165,0.0258,0
36,18712,Shopping,2781.89,Cash,Education,12,48,14539,0.191,0.1487,1
21,147439,Entertainment,836.42,UPI,Local,0,40,2803,0.298,0.0057,0
52,130142,Shopping,4008.62,Net Banking,Transport,5,51,15663,0.256,0.0308,0
34,106736,Entertainment,3618.82,Wallet,Restaurant,4,16,7657,0.473,0.0339,0
45,66924,Education,1900.61,Card,Education,24,13,18735,0.101,0.0284,0
47,18726,Travel,877.57,Cash,Subscription,12,26,18781,0.047,0.0469,0
46,104152,Shopping,1767.2,Cash,Online,27,31,16629,0.106,0.017,0
23,42723,Food,448.52,Net Banking,Utility,22,52,22709,0.02,0.0105,0
52,141969,Travel,4339.64,UPI,Education,17,39,28494,0.152,0.0306,0
58,115494,Food,1070.3,Wallet,Utility,28,48,28673,0.037,0.0093,0
54,50643,Travel,1400.12,Net Banking,Subscription,11,23,10019,0.14,0.0276,0
41,118896,Travel,4147.58,Card,Education,6,48,25690,0.161,0.0349,0
46,108680,Entertainment,3840.19,Card,Online,14,12,744,5.162,0.0353,1
48,111546,Shopping,2180.87,Card,Education,2,14,9448,0.231,0.0196,0
52,94973,Shopping,4749.38,Net Banking,Utility,15,56,9515,0.499,0.05,0
50,78449,Healthcare,814.95,Wallet,Utility,0,18,11519,0.071,0.0104,0
38,124834,Travel,2181.63,Cash,Transport,26,27,20691,0.105,0.0175,0
49,40537,Education,820.48,UPI,Local,15,28,3279,0.25,0.0202,0
40,92576,Education,3479.7,Cash,Education,23,18,18730,0.186,0.0376,0
50,122522,Food,3402.22,Wallet,Utility,29,16,14223,0.239,0.0278,0
20,37612,Food,4959.43,Cash,Restaurant,11,52,23905,0.207,0.1319,1
35,21471,Entertainment,1729.61,Net Banking,Online,18,16,26316,0.066,0.0806,1
42,46348,Travel,5822.02,Card,Restaurant,26,13,13303,0.438,0.1256,1
59,16177,Food,765.64,Wallet,Subscription,7,58,17357,0.044,0.0473,0
48,47779,Food,1664.58,Wallet,Education,22,29,21015,0.079,0.0348,0
20,36636,Bills,788.48,Cash,Transport,11,9,28325,0.028,0.0215,0
57,96889,Travel,1982.89,Net Banking,Online,14,26,14198,0.14,0.0205,0
41,68551,Other,845.5,Cash,Transport,1,28,2292,0.369,0.0123,0
49,61819,Entertainment,3485.75,Cash,Local,28,41,15876,0.22,0.0564,0
39,88770,Food,2384.64,Wallet,Utility,29,13,18618,0.128,0.0269,0
40,93714,Entertainment,713.1,Cash,Online,29,36,13617,0.052,0.0076,0
19,39596,Shopping,2979.67,Card,Subscription,16,9,7715,0.386,0.0753,0
44,79106,Entertainment,4541.24,Cash,Education,6,47,24113,0.188,0.0574,0
59,74182,Other,2539.38,Card,Local,12,14,5688,0.446,0.0342,0
19,102163,Education,548.02,Wallet,Local,0,51,16518,0.033,0.0054,0
43,54310,Other,1553.4,Net Banking,Transport,5,12,29018,0.054,0.0286,0
34,71088,Education,2756.37,Card,Local,12,53,15201,0.181,0.0388,0
57,143803,Entertainment,1448.91,Net Banking,Online,10,58,5781,0.251,0.0101,0
50,51914,Education,757.59,Net Banking,Transport,9,57,22742,0.033,0.0146,0
26,125350,Shopping,3741.72,Card,Local,15,32,1444,2.591,0.0299,1
56,60379,Travel,1404.01,Wallet,Education,26,38,2011,0.698,0.0233,0
46,61413,Education,4543.0,UPI,Subscription,25,3,20965,0.217,0.074,0
59,22151,Education,1168.85,Net Banking,Education,23,58,13218,0.088,0.0528,0
43,72716,Entertainment,1344.71,Net Banking,Restaurant,22,57,23002,0.058,0.0185,0
52,108747,Shopping,1100.5,Wallet,Online,19,54,17742,0.062,0.0101,0
42,136999,Healthcare,1534.45,Wallet,Subscription,16,52,20444,0.075,0.0112,0
41,129793,Healthcare,2358.7,Cash,Subscription,16,16,25305,0.093,0.0182,0
30,123177,Healthcare,790.31,Wallet,Transport,3,20,27493,0.029,0.0064,0
24,27289,Healthcare,673.45,Net Banking,Utility,4,32,8869,0.076,0.0247,0
53,101365,Travel,392.12,Card,Transport,27,56,12620,0.031,0.0039,0
37,129014,Other,348.74,UPI,Online,22,23,14221,0.025,0.0027,0
18,87588,Entertainment,553.71,Cash,Online,13,17,3115,0.178,0.0063,0
25,78646,Entertainment,1162.78,Card,Transport,19,16,18497,0.063,0.0148,0
33,18654,Bills,1958.18,UPI,Utility,9,38,16129,0.121,0.105,1
31,33743,Shopping,2272.13,UPI,Education,13,8,3340,0.68,0.0673,0
29,63368,Healthcare,1896.37,UPI,Transport,27,19,14551,0.13,0.0299,0
40,134735,Travel,4220.19,Card,Online,0,30,28023,0.151,0.0313,0
32,134891,Shopping,5075.98,Cash,Utility,10,57,2274,2.232,0.0376,1
45,122971,Healthcare,1408.89,Cash,Online,25,58,13762,0.102,0.0115,0
51,27149,Travel,801.18,UPI,Utility,22,34,4371,0.183,0.0295,0
19,115102,Shopping,6046.07,Card,Utility,17,14,8773,0.689,0.0525,1
49,74189,Entertainment,3660.33,UPI,Transport,15,22,17729,0.206,0.0493,0
40,86031,Entertainment,3489.76,Wallet,Transport,28,44,27885,0.125,0.0406,0
39,57668,Other,1127.59,Cash,Transport,26,17,9908,0.114,0.0196,0
42,103204,Food,3027.83,Net Banking,Utility,17,59,29789,0.102,0.0293,0
39,52384,Other,1906.86,UPI,Utility,7,15,3760,0.507,0.0364,0
39,96929,Education,1640.67,Wallet,Online,27,50,3645,0.45,0.0169,0
59,142959,Other,1638.67,Cash,Subscription,9,48,8302,0.197,0.0115,0
23,91153,Healthcare,2431.53,Card,Transport,25,32,2763,0.88,0.0267,1
32,90388,Bills,4306.86,Cash,Restaurant,9,13,27413,0.157,0.0476,0
54,46401,Shopping,6356.82,Card,Online,4,21,25520,0.249,0.137,1
50,134503,Bills,1280.19,Card,Online,9,49,8655,0.148,0.0095,0
25,142834,Food,1982.02,UPI,Local,17,40,1422,1.394,0.0139,1
22,49084,Education,1611.36,UPI,Transport,20,33,7195,0.224,0.0328,0
56,125641,Shopping,2325.13,Cash,Education,23,57,21172,0.11,0.0185,0
21,120111,Travel,1471.02,Wallet,Online,5,58,6258,0.235,0.0122,0
23,51041,Healthcare,1029.24,Cash,Local,2,27,13076,0.079,0.0202,0
49,103920,Education,1281.51,Net Banking,Restaurant,7,35,25015,0.051,0.0123,0
47,80681,Entertainment,1140.29,Card,Restaurant,30,16,19514,0.058,0.0141,0
52,96571,Food,1555.62,Card,Education,29,28,8316,0.187,0.0161,0
57,142556,Education,589.11,UPI,Transport,8,34,26243,0.022,0.0041,0
33,41160,Healthcare,1156.91,Wallet,Utility,4,47,8056,0.144,0.0281,0
30,32633,Other,2309.92,UPI,Local,28,1,16725,0.138,0.0708,0
59,32014,Education,2298.49,Net Banking,Utility,1,41,29039,0.079,0.0718,0
47,95532,Other,2060.1,Cash,Restaurant,1,48,6430,0.32,0.0216,0
36,64104,Healthcare,4072.3,Cash,Restaurant,6,31,12133,0.336,0.0635,0
34,92231,Entertainment,2371.46,Wallet,Subscription,16,36,23884,0.099,0.0257,0
36,83388,Shopping,3988.59,UPI,Subscription,9,44,4012,0.994,0.0478,1
45,31014,Travel,6359.75,UPI,Education,11,33,6566,0.969,0.2051,1
43,107578,Entertainment,3077.45,Net Banking,Subscription,1,33,25971,0.118,0.0286,0
54,55390,Other,591.61,Cash,Subscription,9,39,13707,0.043,0.0107,0
43,38711,Other,2116.25,UPI,Education,19,18,20606,0.103,0.0547,0
40,106658,Travel,1909.39,Wallet,Online,0,23,14822,0.129,0.0179,0
26,72993,Shopping,4538.37,Cash,Subscription,3,23,22532,0.201,0.0622,0
29,22421,Education,1596.58,Net Banking,Online,12,15,2560,0.624,0.0712,0
18,32727,Travel,921.85,Wallet,Online,11,26,14513,0.064,0.0282,0
18,127418,Food,1208.46,Card,Transport,10,30,19918,0.061,0.0095,0
51,19358,Food,611.01,Net Banking,Online,28,25,2887,0.212,0.0316,0
49,80108,Healthcare,89.01,Wallet,Online,9,45,23892,0.004,0.0011,0
42,109018,Entertainment,5729.92,UPI,Subscription,14,16,26973,0.212,0.0526,1
57,139457,Other,1753.25,Card,Online,4,39,8531,0.206,0.0126,0
18,46910,Shopping,661.88,Net Banking,Utility,24,48,2299,0.288,0.0141,0
33,141888,Healthcare,4796.72,UPI,Education,16,45,21291,0.225,0.0338,0
56,70754,Entertainment,5309.51,Card,Subscription,27,14,3280,1.619,0.075,1
22,124847,Entertainment,1954.89,Cash,Education,4,17,1627,1.202,0.0157,1
39,53467,Healthcare,564.09,UPI,Local,1,12,25414,0.022,0.0106,0
46,48893,Bills,1230.77,Wallet,Subscription,8,29,7865,0.156,0.0252,0
20,91329,Entertainment,1475.22,Net Banking,Online,5,32,15135,0.097,0.0162,0
29,46007,Bills,1795.08,Card,Utility,17,56,8111,0.221,0.039,0
43,69253,Food,734.2,UPI,Education,13,24,13146,0.056,0.0106,0
33,27323,Food,3242.0,Cash,Subscription,18,52,8035,0.403,0.1187,1
54,126335,Entertainment,243.18,Net Banking,Utility,13,13,15004,0.016,0.0019,0
39,127356,Food,3585.18,Net Banking,Education,7,56,9864,0.363,0.0282,0
46,125944,Shopping,4076.3,UPI,Local,16,20,3308,1.232,0.0324,1
31,31456,Bills,1323.73,Cash,Restaurant,27,15,13555,0.098,0.0421,0
45,46367,Bills,1652.31,Card,Local,2,56,28105,0.059,0.0356,0
22,69624,Entertainment,4401.44,UPI,Restaurant,28,53,27165,0.162,0.0632,0
47,83008,Food,2687.43,Card,Transport,9,4,4797,0.56,0.0324,0
22,140926,Travel,1359.12,Net Banking,Restaurant,16,54,11709,0.116,0.0096,0
29,130395,Other,1480.96,Card,Transport,26,34,21443,0.069,0.0114,0
33,131492,Healthcare,2440.71,Cash,Subscription,10,28,948,2.575,0.0186,1
43,87240,Healthcare,5409.78,Wallet,Transport,7,50,5508,0.982,0.062,1
43,79315,Bills,1514.71,Cash,Utility,0,2,21777,0.07,0.0191,0
38,25756,Entertainment,1328.48,Card,Transport,12,57,17677,0.075,0.0516,0
56,51378,Entertainment,1786.22,UPI,Utility,20,47,17320,0.103,0.0348,0
53,140703,Shopping,1793.74,Net Banking,Education,3,30,6512,0.275,0.0127,0
50,71549,Education,2159.26,Wallet,Education,6,26,22753,0.095,0.0302,0
47,88794,Other,1656.1,UPI,Restaurant,13,51,29702,0.056,0.0187,0
54,60113,Education,3722.68,UPI,Restaurant,4,47,29736,0.125,0.0619,0
40,89069,Bills,866.06,Cash,Restaurant,23,26,2120,0.409,0.0097,0
27,140541,Healthcare,2323.32,Card,Transport,27,20,14084,0.165,0.0165,0
22,24686,Shopping,2385.04,Cash,Restaurant,29,42,28577,0.083,0.0966,1
53,68363,Shopping,929.34,Card,Transport,10,28,27995,0.033,0.0136,0
51,112543,Shopping,2307.75,Cash,Transport,16,56,21192,0.109,0.0205,0
48,146733,Bills,2427.12,UPI,Online,4,20,1448,1.676,0.0165,1
27,110673,Education,150.97,Net Banking,Online,19,11,20828,0.007,0.0014,0
36,57828,Healthcare,800.37,Card,Transport,2,58,9819,0.082,0.0138,0
49,63604,Shopping,4635.03,Wallet,Education,4,10,17075,0.271,0.0729,0
18,25526,Healthcare,1111.36,Wallet,Utility,25,23,12704,0.087,0.0435,0
22,83910,Food,660.49,UPI,Subscription,14,37,12452,0.053,0.0079,0
21,40592,Entertainment,334.29,Cash,Local,18,41,28806,0.012,0.0082,0
33,43982,Entertainment,740.5,Cash,Online,15,52,18287,0.04,0.0168,0
41,15207,Healthcare,1606.0,UPI,Transport,7,19,18874,0.085,0.1056,1
33,103733,Travel,620.58,Wallet,Local,12,45,1604,0.387,0.006,0
19,139982,Travel,2710.78,Wallet,Online,15,18,29876,0.091,0.0194,0
45,83619,Bills,915.96,Cash,Subscription,2,49,1048,0.874,0.011,1
49,61479,Bills,2170.55,Card,Utility,0,27,12140,0.179,0.0353,0
44,96437,Entertainment,4220.36,Net Banking,Transport,8,6,26937,0.157,0.0438,0
37,113540,Food,4054.64,Card,Subscription,30,10,29325,0.138,0.0357,0
41,87982,Other,2145.2,Wallet,Education,8,2,22645,0.095,0.0244,0
29,117747,Education,700.34,Card,Online,21,24,25646,0.027,0.0059,0
52,63231,Education,1686.33,Net Banking,Transport,25,38,8403,0.201,0.0267,0
50,44301,Bills,2193.41,Card,Local,16,28,18668,0.117,0.0495,0
50,33752,Food,7097.19,Card,Education,23,28,27363,0.259,0.2103,1
54,113452,Bills,331.14,Card,Education,1,53,11113,0.03,0.0029,0
29,136237,Other,1690.62,Card,Restaurant,8,45,29048,0.058,0.0124,0
20,71273,Education,2647.13,UPI,Utility,29,50,17688,0.15,0.0371,0
18,106878,Healthcare,1885.93,Wallet,Education,23,39,9490,0.199,0.0176,0
50,19895,Bills,2032.81,Net Banking,Online,18,2,11967,0.17,0.1022,1
57,134968,Shopping,960.69,Wallet,Utility,12,46,25686,0.037,0.0071,0
27,130700,Healthcare,3205.49,UPI,Transport,4,5,24401,0.131,0.0245,0
46,91559,Other,1794.33,UPI,Restaurant,8,50,23715,0.076,0.0196,0
30,25699,Other,2027.71,UPI,Subscription,12,11,23801,0.085,0.0789,0
29,24715,Bills,3427.52,UPI,Utility,0,10,26882,0.128,0.1387,1
48,34169,Entertainment,1390.11,Card,Local,24,43,4738,0.293,0.0407,0
19,133413,Bills,3914.75,Wallet,Online,14,59,20144,0.194,0.0293,0
52,134264,Entertainment,602.22,Cash,Local,3,2,4867,0.124,0.0045,0
40,20782,Other,2108.13,Net Banking,Utility,3,15,6151,0.343,0.1014,1
34,139481,Food,913.61,UPI,Restaurant,30,39,16704,0.055,0.0066,0
43,50585,Other,730.4,Wallet,Subscription,19,41,20255,0.036,0.0144,0
25,45682,Education,5370.47,UPI,Subscription,9,37,27549,0.195,0.1176,1
46,144992,Healthcare,630.31,UPI,Local,27,7,2593,0.243,0.0043,0
43,99416,Healthcare,1819.15,UPI,Transport,24,20,27218,0.067,0.0183,0
27,142810,Travel,588.61,UPI,Transport,29,34,4501,0.131,0.0041,0
43,53067,Travel,3761.68,UPI,Restaurant,5,35,23440,0.16,0.0709,0
51,33073,Other,1288.36,Net Banking,Subscription,26,34,8310,0.155,0.039,0
58,51035,Education,3415.9,Wallet,Local,23,53,11772,0.29,0.0669,0
24,105373,Travel,2587.72,UPI,Local,11,22,5054,0.512,0.0246,0
21,98362,Healthcare,6452.91,UPI,Local,29,31,26508,0.243,0.0656,1
28,105517,Bills,488.45,UPI,Utility,19,23,19401,0.025,0.0046,0
46,80450,Food,794.84,UPI,Restaurant,15,19,27933,0.028,0.0099,0
53,25382,Food,3297.62,Card,Transport,2,4,9197,0.359,0.1299,1
42,76929,Education,2178.16,Card,Transport,13,24,22689,0.096,0.0283,0
38,113864,Other,1465.52,Cash,Utility,0,20,17980,0.082,0.0129,0
53,40169,Travel,5721.17,UPI,Online,9,39,12871,0.445,0.1424,1
27,102468,Bills,1730.84,Cash,Utility,30,28,29230,0.059,0.0169,0
54,49594,Food,941.95,Net Banking,Restaurant,14,54,9736,0.097,0.019,0
26,60033,Food,3442.56,Cash,Local,6,39,14269,0.241,0.0573,0
41,78133,Shopping,1772.19,Wallet,Utility,3,17,7561,0.234,0.0227,0
52,88861,Other,1870.7,Card,Local,13,19,19088,0.098,0.0211,0
52,46750,Shopping,2734.09,Card,Restaurant,23,54,4402,0.621,0.0585,0
53,55461,Healthcare,2804.92,UPI,Education,15,48,1852,1.515,0.0506,1
35,93222,Food,785.99,UPI,Restaurant,13,35,2096,0.375,0.0084,0
56,127020,Education,1404.26,Net Banking,Subscription,2,32,9267,0.152,0.0111,0
49,39226,Entertainment,544.18,Net Banking,Local,16,47,23864,0.023,0.0139,0
41,21721,Entertainment,2200.31,Wallet,Transport,20,46,1179,1.866,0.1013,1
40,35609,Bills,5310.77,UPI,Utility,13,47,29374,0.181,0.1491,1
49,145513,Food,813.21,UPI,Education,17,46,20596,0.039,0.0056,0
54,119211,Food,457.4,Net Banking,Restaurant,2,39,12520,0.037,0.0038,0
29,139865,Healthcare,1065.88,Net Banking,Local,29,57,26205,0.041,0.0076,0
30,89520,Food,1456.23,Net Banking,Education,21,35,12596,0.116,0.0163,0
40,79309,Education,2821.27,Card,Online,18,30,11885,0.237,0.0356,0
42,44984,Shopping,1346.55,Cash,Subscription,2,17,9009,0.149,0.0299,0
52,133947,Food,2227.36,Cash,Online,11,42,22185,0.1,0.0166,0
58,20901,Food,1190.04,UPI,Restaurant,21,47,6234,0.191,0.0569,0
47,46055,Healthcare,1515.36,Card,Online,4,29,16175,0.094,0.0329,0
34,129099,Other,917.07,Net Banking,Online,9,6,24865,0.037,0.0071,0
37,26138,Travel,698.73,UPI,Subscription,8,17,22776,0.031,0.0267,0
42,38429,Other,2888.22,Card,Subscription,0,17,20580,0.14,0.0752,0
39,65200,Healthcare,1253.68,Wallet,Subscription,12,14,13193,0.095,0.0192,0
30,116268,Other,2338.4,Card,Education,2,24,24013,0.097,0.0201,0
36,32347,Healthcare,905.53,UPI,Subscription,18,57,19880,0.046,0.028,0
53,46822,Education,1738.84,Cash,Online,10,50,24121,0.072,0.0371,0
29,55108,Bills,248.8,Net Banking,Transport,15,57,24211,0.01,0.0045,0
58,143955,Food,1325.03,Wallet,Transport,5,37,7907,0.168,0.0092,0
36,22967,Healthcare,984.34,Card,Subscription,23,40,12286,0.08,0.0429,0
29,125719,Healthcare,3664.81,UPI,Education,2,39,28285,0.13,0.0292,0
26,26871,Travel,609.4,UPI,Utility,18,55,3042,0.2,0.0227,0
24,43179,Healthcare,1561.2,Net Banking,Local,5,32,17562,0.089,0.0362,0
45,70099,Entertainment,2181.82,UPI,Restaurant,7,36,5866,0.372,0.0311,0
31,50262,Bills,3340.41,UPI,Education,21,50,26965,0.124,0.0665,0
48,93213,Food,3047.1,Net Banking,Utility,12,37,22527,0.135,0.0327,0
36,132407,Food,1651.71,Wallet,Restaurant,11,48,7910,0.209,0.0125,0
33,101269,Travel,1821.21,Cash,Utility,29,14,10335,0.176,0.018,0
22,75545,Education,3662.71,Cash,Utility,9,27,14147,0.259,0.0485,0
52,54922,Food,1629.15,Card,Transport,2,59,6041,0.27,0.0297,0
29,57913,Entertainment,1959.45,Wallet,Local,3,19,17718,0.111,0.0338,0
42,112033,Food,3740.09,Card,Utility,0,31,10933,0.342,0.0334,0
38,119792,Entertainment,7013.2,Cash,Subscription,12,46,11047,0.635,0.0585,1
53,134863,Bills,2077.06,Net Banking,Restaurant,23,9,10360,0.2,0.0154,0
40,59936,Bills,2474.88,UPI,Education,3,38,22910,0.108,0.0413,0
33,43141,Shopping,2988.08,Cash,Transport,21,17,11245,0.266,0.0693,0
56,112359,Shopping,3717.24,Wallet,Restaurant,10,19,25356,0.147,0.0331,0
59,138279,Entertainment,3394.43,Cash,Subscription,18,44,24854,0.137,0.0245,0
56,56568,Education,1120.47,Wallet,Subscription,10,4,7318,0.153,0.0198,0
31,112539,Food,2173.07,Wallet,Utility,11,48,14601,0.149,0.0193,0
48,61851,Healthcare,3409.63,Wallet,Subscription,10,57,5528,0.617,0.0551,0
22,69823,Food,4224.0,Card,Local,5,11,16298,0.259,0.0605,0
52,38312,Shopping,1563.23,Net Banking,Subscription,11,22,11454,0.136,0.0408,0
40,113723,Other,2137.35,Cash,Utility,26,4,21587,0.099,0.0188,0
46,27411,Healthcare,2307.26,Net Banking,Restaurant,8,17,13270,0.174,0.0842,1
28,72009,Entertainment,1778.97,UPI,Subscription,24,8,9938,0.179,0.0247,0
35,47371,Healthcare,2099.77,Cash,Transport,9,46,18656,0.113,0.0443,0
29,72022,Other,9705.31,Net Banking,Education,2,59,19048,0.51,0.1348,1
26,86229,Food,1516.62,Net Banking,Transport,2,34,7611,0.199,0.0176,0
27,114071,Food,1602.61,UPI,Transport,19,11,25267,0.063,0.014,0
34,111774,Education,413.54,Wallet,Restaurant,27,31,19719,0.021,0.0037,0
55,41715,Travel,351.67,Cash,Online,22,11,19549,0.018,0.0084,0
24,42605,Healthcare,2418.03,Cash,Education,15,56,6613,0.366,0.0568,0
30,114853,Shopping,3418.62,UPI,Transport,2,54,3063,1.116,0.0298,1
57,46174,Other,3021.31,Wallet,Transport,9,56,16389,0.184,0.0654,0
59,91373,Other,903.53,Cash,Online,23,38,8998,0.1,0.0099,0
26,84252,Other,2906.23,Cash,Restaurant,10,53,8631,0.337,0.0345,0
44,85017,Shopping,1584.34,Cash,Education,7,21,25607,0.062,0.0186,0
19,78037,Travel,1314.28,Wallet,Transport,5,46,29293,0.045,0.0168,0
22,104818,Food,557.8,UPI,Utility,19,30,3196,0.175,0.0053,0
46,21548,Education,995.53,Cash,Restaurant,10,10,21571,0.046,0.0462,0
54,131981,Education,2455.96,Net Banking,Education,27,26,24205,0.101,0.0186,0
55,39022,Shopping,2157.4,Wallet,Transport,26,27,23897,0.09,0.0553,0
36,121297,Education,1945.24,Card,Transport,20,8,8204,0.237,0.016,0
25,75428,Other,223.15,UPI,Online,11,39,22455,0.01,0.003,0
18,74353,Bills,1959.16,Net Banking,Education,15,8,24220,0.081,0.0263,0
39,128132,Travel,1107.61,Cash,Utility,17,8,16942,0.065,0.0086,0
34,31052,Food,2168.04,Card,Restaurant,12,55,10265,0.211,0.0698,0
24,115689,Bills,3789.4,UPI,Subscription,21,34,18024,0.21,0.0328,0
42,146743,Travel,1236.92,Wallet,Local,2,59,10502,0.118,0.0084,0
21,15163,Entertainment,1860.43,Card,Utility,14,16,11890,0.156,0.1227,1
53,56424,Healthcare,5699.79,Card,Subscription,21,41,12168,0.468,0.101,1
23,37420,Shopping,2094.65,Net Banking,Utility,27,13,29570,0.071,0.056,0
48,135575,Other,1702.75,UPI,Education,20,23,19446,0.088,0.0126,0
36,44300,Education,915.48,Net Banking,Subscription,13,12,19736,0.046,0.0207,0
56,104881,Entertainment,2959.28,Net Banking,Education,17,27,16744,0.177,0.0282,0
44,25749,Education,793.42,Cash,Subscription,30,22,7141,0.111,0.0308,0
27,119131,Bills,3896.61,Wallet,Utility,27,32,1441,2.704,0.0327,1
43,143563,Food,2687.06,Card,Online,28,57,13315,0.202,0.0187,0
36,52487,Food,1137.7,UPI,Utility,13,49,7041,0.162,0.0217,0
56,36223,Food,940.21,Wallet,Education,4,27,16124,0.058,0.026,0
20,87930,Other,958.29,Wallet,Utility,20,2,10466,0.092,0.0109,0
30,43380,Education,357.7,UPI,Subscription,13,45,24314,0.015,0.0082,0
45,41035,Entertainment,2379.09,Wallet,Local,24,33,1921,1.238,0.058,1
37,45620,Food,252.05,Cash,Subscription,26,26,6265,0.04,0.0055,0
45,132360,Entertainment,1626.37,Wallet,Transport,7,28,17319,0.094,0.0123,0
25,68352,Education,1551.86,Cash,Utility,27,19,17723,0.088,0.0227,0
58,18191,Other,1359.45,Card,Restaurant,27,43,4501,0.302,0.0747,0
56,105536,Bills,2368.14,Card,Utility,22,5,13147,0.18,0.0224,0
18,119576,Other,1139.88,Net Banking,Online,30,33,5748,0.198,0.0095,0
20,18631,Entertainment,1962.62,Cash,Education,14,20,5459,0.36,0.1053,1
30,57080,Other,3896.12,Card,Restaurant,27,30,27757,0.14,0.0683,0
45,105353,Other,2558.76,Wallet,Subscription,28,45,18534,0.138,0.0243,0
42,43671,Bills,1272.2,UPI,Online,14,8,22712,0.056,0.0291,0
50,137811,Education,1739.71,UPI,Utility,29,38,26321,0.066,0.0126,0
55,142734,Education,1360.58,Cash,Subscription,18,17,19145,0.071,0.0095,0
23,66399,Shopping,1535.92,Net Banking,Subscription,25,44,25991,0.059,0.0231,0
49,22099,Other,2004.53,Wallet,Transport,19,1,27715,0.072,0.0907,1
38,71492,Education,535.7,Cash,Transport,5,3,22778,0.024,0.0075,0
33,111722,Education,430.53,UPI,Local,18,46,23162,0.019,0.0039,0
38,45111,Travel,853.96,Cash,Transport,26,26,4389,0.195,0.0189,0
28,78936,Food,2444.0,Wallet,Education,24,31,23781,0.103,0.031,0
54,75920,Shopping,2670.93,Card,Restaurant,7,8,29557,0.09,0.0352,0
53,78530,Healthcare,2937.21,Wallet,Subscription,5,43,1826,1.609,0.0374,1
52,22788,Shopping,881.57,Card,Transport,19,59,6401,0.138,0.0387,0
36,43082,Shopping,1852.98,Card,Local,22,46,3858,0.48,0.043,0
37,138287,Healthcare,1301.87,Card,Utility,28,8,2085,0.624,0.0094,0
35,104570,Travel,1582.41,Cash,Restaurant,14,35,14000,0.113,0.0151,0
58,116015,Other,1284.69,UPI,Transport,26,39,12060,0.107,0.0111,0
31,98588,Bills,2083.37,Cash,Subscription,2,28,22529,0.092,0.0211,0
32,103340,Education,1033.38,UPI,Utility,9,51,17272,0.06,0.01,0
48,109439,Food,3621.91,Wallet,Education,14,4,16318,0.222,0.0331,0
18,130053,Entertainment,3642.63,Net Banking,Subscription,23,57,19675,0.185,0.028,0
20,63355,Other,2393.44,Wallet,Utility,15,16,3832,0.625,0.0378,0
33,140426,Healthcare,3353.19,Cash,Education,16,13,17587,0.191,0.0239,0
40,79027,Bills,517.42,Cash,Education,18,20,22718,0.023,0.0065,0
28,107601,Other,3757.65,UPI,Restaurant,10,51,3320,1.132,0.0349,1
29,44956,Healthcare,2241.58,Cash,Subscription,15,5,15972,0.14,0.0499,0
27,119797,Education,1082.17,Card,Transport,4,55,24937,0.043,0.009,0
49,139917,Travel,999.64,Cash,Transport,4,37,5459,0.183,0.0071,0
33,141303,Other,4586.25,UPI,Local,25,20,17943,0.256,0.0325,0
25,57533,Healthcare,2968.07,UPI,Utility,13,24,12866,0.231,0.0516,0
55,93815,Education,1552.29,Card,Local,17,36,26374,0.059,0.0165,0
29,54279,Education,512.11,UPI,Online,25,34,1801,0.284,0.0094,0
41,124787,Travel,3880.73,Net Banking,Transport,7,58,25749,0.151,0.0311,0
45,76063,Shopping,703.23,Wallet,Utility,4,45,11051,0.064,0.0092,0
25,142896,Other,1319.45,Cash,Restaurant,6,48,24580,0.054,0.0092,0
45,112661,Other,1550.74,Net Banking,Local,30,54,21183,0.073,0.0138,0
53,138257,Shopping,987.75,Cash,Restaurant,15,34,22955,0.043,0.0071,0
43,101205,Food,1501.01,Net Banking,Restaurant,22,19,4612,0.325,0.0148,0
25,21910,Food,1721.35,Cash,Restaurant,13,17,24765,0.07,0.0786,0
45,61857,Shopping,1478.58,Card,Local,4,5,13263,0.111,0.0239,0
45,49964,Bills,2154.32,UPI,Online,23,25,12274,0.176,0.0431,0
54,32153,Entertainment,4694.0,UPI,Education,8,18,26092,0.18,0.146,1
58,74765,Education,534.8,Card,Education,3,55,25285,0.021,0.0072,0
53,123212,Entertainment,1931.55,Net Banking,Local,3,53,17382,0.111,0.0157,0
44,54071,Education,709.66,Wallet,Education,15,50,9120,0.078,0.0131,0
34,127990,Shopping,489.72,Net Banking,Subscription,23,8,7745,0.063,0.0038,0
26,84519,Food,3189.85,UPI,Education,16,27,12331,0.259,0.0377,0
50,24503,Bills,2046.87,Wallet,Transport,14,15,28227,0.073,0.0835,1
37,110457,Food,462.25,Cash,Local,3,45,2605,0.177,0.0042,0
30,60838,Entertainment,1500.02,Wallet,Education,5,13,10245,0.146,0.0247,0
45,140200,Food,855.82,Net Banking,Local,15,16,22211,0.039,0.0061,0
46,104489,Shopping,1538.43,Card,Online,28,22,6130,0.251,0.0147,0
30,41806,Bills,2734.09,Cash,Subscription,3,20,3706,0.738,0.0654,0
52,85119,Entertainment,2552.99,Net Banking,Local,5,13,24021,0.106,0.03,0
23,53714,Bills,1291.55,Cash,Transport,4,20,19453,0.066,0.024,0
35,70419,Other,3287.14,Wallet,Education,15,2,3128,1.051,0.0467,1
22,120432,Education,4091.97,UPI,Transport,29,35,10568,0.387,0.034,0
42,107949,Food,2763.93,Net Banking,Education,24,47,13894,0.199,0.0256,0
19,148533,Bills,1134.76,Card,Local,15,55,23648,0.048,0.0076,0
27,91971,Travel,1575.09,Wallet,Restaurant,9,19,1567,1.005,0.0171,1
47,108471,Other,4600.57,Net Banking,Education,8,45,18390,0.25,0.0424,0
22,79946,Food,1364.32,Card,Restaurant,3,37,19897,0.069,0.0171,0
50,113989,Education,2558.34,Net Banking,Subscription,28,58,15745,0.162,0.0224,0
18,99080,Bills,977.13,Wallet,Transport,13,54,10359,0.094,0.0099,0
35,92794,Entertainment,3302.09,Net Banking,Restaurant,3,6,29664,0.111,0.0356,0
49,45841,Education,890.49,Cash,Transport,11,14,7142,0.125,0.0194,0
28,139447,Travel,1624.76,Wallet,Education,23,4,15877,0.102,0.0117,0
38,135029,Bills,2498.45,Net Banking,Education,9,22,29776,0.084,0.0185,0
43,91272,Healthcare,5200.32,UPI,Subscription,30,51,4566,1.139,0.057,1
42,52643,Healthcare,2021.09,Net Banking,Education,3,55,1447,1.397,0.0384,1
39,58950,Shopping,1427.28,Cash,Subscription,17,39,21273,0.067,0.0242,0
44,115500,Food,1349.39,Card,Restaurant,12,36,25027,0.054,0.0117,0
30,140588,Entertainment,3209.09,Card,Education,12,34,1671,1.92,0.0228,1
50,30997,Shopping,2365.27,Card,Local,13,27,16331,0.145,0.0763,0
51,94751,Bills,2698.41,UPI,Utility,30,7,6614,0.408,0.0285,0
58,113605,Healthcare,4396.43,Cash,Online,17,3,671,6.552,0.0387,1
52,70533,Healthcare,1804.97,Wallet,Utility,0,47,22566,0.08,0.0256,0
18,97566,Healthcare,2254.15,Card,Utility,20,33,13318,0.169,0.0231,0
38,123255,Bills,1335.91,Cash,Transport,15,2,9835,0.136,0.0108,0
23,73005,Healthcare,947.83,Net Banking,Subscription,14,42,10551,0.09,0.013,0
45,58541,Education,1097.66,UPI,Transport,21,16,22740,0.048,0.0188,0
34,38387,Other,171.67,Cash,Restaurant,24,25,6709,0.026,0.0045,0
22,108980,Bills,2481.59,Cash,Online,4,15,10880,0.228,0.0228,0
48,100457,Entertainment,2313.43,Wallet,Restaurant,28,24,27569,0.084,0.023,0
22,79028,Other,2446.62,Cash,Local,5,15,4077,0.6,0.031,0
55,134246,Shopping,898.78,Wallet,Online,5,31,8880,0.101,0.0067,0
20,70731,Entertainment,1112.38,UPI,Transport,2,14,4576,0.243,0.0157,0
40,59638,Other,1084.78,UPI,Education,15,54,657,1.651,0.0182,1
54,35567,Travel,3511.48,Net Banking,Education,11,14,8277,0.424,0.0987,1
54,72804,Healthcare,1969.81,Wallet,Transport,3,6,19601,0.1,0.0271,0
27,123821,Travel,1791.36,Wallet,Restaurant,0,14,27046,0.066,0.0145,0
27,18754,Food,2863.81,Card,Transport,3,17,8937,0.32,0.1527,1
36,42044,Food,1087.6,Card,Transport,0,18,11595,0.094,0.0259,0
34,82260,Other,2217.22,Net Banking,Utility,30,20,15779,0.141,0.027,0
38,81912,Travel,5626.14,UPI,Local,20,51,19679,0.286,0.0687,1
31,23706,Bills,3869.2,Card,Education,26,17,7700,0.502,0.1632,1
26,23894,Entertainment,2194.64,Cash,Utility,26,16,24412,0.09,0.0918,1
18,98986,Travel,1838.88,UPI,Transport,7,40,28900,0.064,0.0186,0
30,96942,Food,2432.54,Cash,Subscription,23,39,19261,0.126,0.0251,0
21,44725,Travel,4212.03,Wallet,Utility,4,52,15347,0.274,0.0942,1
18,119555,Bills,4024.15,UPI,Transport,29,32,9541,0.422,0.0337,0
57,24496,Travel,4662.58,Net Banking,Education,25,44,2310,2.018,0.1903,1
49,71447,Entertainment,2046.7,Wallet,Transport,1,9,22074,0.093,0.0286,0
51,116604,Shopping,250.1,Wallet,Local,11,27,22316,0.011,0.0021,0
45,103199,Bills,5378.64,Cash,Restaurant,21,46,29062,0.185,0.0521,1
48,56321,Food,946.18,Wallet,Online,16,52,8395,0.113,0.0168,0
25,70147,Entertainment,2833.16,Card,Utility,6,33,19010,0.149,0.0404,0
56,106396,Travel,255.21,UPI,Utility,10,10,29340,0.009,0.0024,0
43,53787,Travel,1765.24,Card,Utility,3,17,7453,0.237,0.0328,0
51,36727,Shopping,1366.13,Cash,Transport,4,49,19914,0.069,0.0372,0
20,110081,Food,4669.24,Cash,Local,5,49,6823,0.684,0.0424,0
29,137721,Food,2213.63,UPI,Transport,10,36,22631,0.098,0.0161,0
18,83056,Education,1752.25,Wallet,Transport,0,17,27383,0.064,0.0211,0
22,149153,Food,2380.75,Net Banking,Restaurant,24,18,6105,0.39,0.016,0
47,95102,Shopping,116.14,Cash,Subscription,9,52,6391,0.018,0.0012,0
47,91865,Healthcare,1068.4,UPI,Local,19,23,3576,0.299,0.0116,0
34,82695,Education,1198.29,Net Banking,Utility,23,34,19228,0.062,0.0145,0
40,132235,Education,2635.29,Wallet,Online,20,8,1119,2.355,0.0199,1
32,123777,Travel,786.57,Cash,Utility,10,13,11594,0.068,0.0064,0
54,34033,Travel,1986.34,UPI,Transport,23,23,2907,0.683,0.0584,0
38,41832,Food,1634.64,UPI,Local,30,57,23144,0.071,0.0391,0
31,130725,Education,1113.77,UPI,Education,16,54,13144,0.085,0.0085,0
19,34873,Other,1170.44,Cash,Local,7,20,3504,0.334,0.0336,0
28,55372,Travel,1623.99,Net Banking,Local,26,22,20798,0.078,0.0293,0
56,104464,Shopping,326.77,UPI,Subscription,12,47,11178,0.029,0.0031,0
55,132322,Other,2889.47,Wallet,Utility,26,52,28478,0.101,0.0218,0
51,115082,Travel,940.9,UPI,Subscription,19,23,20480,0.046,0.0082,0
55,20110,Bills,1430.36,Net Banking,Education,17,41,26753,0.053,0.0711,0
51,27087,Bills,4561.87,Cash,Education,26,35,4539,1.005,0.1684,1
35,97617,Travel,2921.94,UPI,Restaurant,21,3,1804,1.62,0.0299,1
47,115483,Education,674.83,UPI,Online,15,34,6130,0.11,0.0058,0
32,24596,Healthcare,98.77,Wallet,Restaurant,1,33,29169,0.003,0.004,0
44,122539,Healthcare,2449.2,Wallet,Transport,4,46,7782,0.315,0.02,0
51,33313,Education,1472.07,UPI,Subscription,17,17,27039,0.054,0.0442,0
55,128175,Entertainment,1994.57,UPI,Subscription,2,45,3807,0.524,0.0156,0
50,129914,Healthcare,2858.68,Wallet,Restaurant,26,19,18245,0.157,0.022,0
41,38705,Bills,3157.16,Net Banking,Transport,21,30,7165,0.441,0.0816,1
32,88445,Shopping,1269.53,Card,Local,16,23,4794,0.265,0.0144,0
47,118892,Education,1604.94,Card,Transport,15,15,2287,0.702,0.0135,0
59,17023,Food,2261.52,UPI,Utility,5,59,1573,1.438,0.1329,1
34,134654,Bills,2361.9,Wallet,Restaurant,18,57,26241,0.09,0.0175,0
22,95073,Shopping,1981.15,Cash,Transport,6,14,22786,0.087,0.0208,0
46,107197,Shopping,4245.64,Cash,Local,17,2,4099,1.036,0.0396,1
21,79429,Education,2344.24,Card,Transport,13,39,27793,0.084,0.0295,0
27,119195,Shopping,2831.1,Net Banking,Subscription,5,49,15889,0.178,0.0238,0
34,48848,Education,2097.33,Card,Online,7,18,11845,0.177,0.0429,0
27,42766,Healthcare,781.82,UPI,Subscription,14,6,12818,0.061,0.0183,0
34,83099,Travel,1065.77,Net Banking,Education,14,59,16607,0.064,0.0128,0
37,84122,Bills,650.93,Cash,Online,14,32,3555,0.183,0.0077,0
41,63868,Entertainment,3387.85,Wallet,Education,15,21,23360,0.145,0.053,0
22,134119,Travel,459.9,Wallet,Transport,0,40,17543,0.026,0.0034,0
51,110286,Bills,1558.05,UPI,Utility,10,28,6820,0.228,0.0141,0
23,21643,Education,1321.89,Card,Transport,26,27,7013,0.188,0.0611,0
19,51727,Bills,1296.29,UPI,Local,28,2,5142,0.252,0.0251,0
30,124079,Healthcare,1381.52,Wallet,Transport,24,33,27658,0.05,0.0111,0
28,80697,Education,4754.95,Cash,Online,4,16,9821,0.484,0.0589,0
40,31029,Travel,305.26,Wallet,Subscription,4,39,14932,0.02,0.0098,0
33,124458,Food,3913.0,Net Banking,Utility,28,22,23257,0.168,0.0314,0
48,125384,Food,1468.99,Wallet,Education,27,56,27350,0.054,0.0117,0
28,83926,Other,3024.14,Wallet,Transport,20,43,4966,0.609,0.036,0
33,70506,Other,1830.05,Net Banking,Transport,5,47,26544,0.069,0.026,0
25,93229,Bills,708.84,Card,Subscription,1,13,22471,0.032,0.0076,0
21,57092,Food,4151.98,Wallet,Utility,5,56,27178,0.153,0.0727,0
57,77539,Education,3751.61,UPI,Restaurant,13,2,11958,0.314,0.0484,0
21,28428,Shopping,753.74,Wallet,Education,10,14,16379,0.046,0.0265,0
42,72775,Education,2573.77,UPI,Transport,3,56,19355,0.133,0.0354,0
20,20469,Shopping,1104.03,Net Banking,Transport,23,38,26227,0.042,0.0539,0
49,43854,Travel,478.1,Wallet,Restaurant,28,41,23059,0.021,0.0109,0
20,91256,Entertainment,942.77,Net Banking,Education,26,28,8784,0.107,0.0103,0
44,114134,Shopping,3999.11,Net Banking,Online,24,7,11258,0.355,0.035,0
46,147723,Food,3072.27,Card,Online,8,18,18165,0.169,0.0208,0
49,99730,Education,1393.54,Wallet,Local,23,56,27976,0.05,0.014,0
36,42386,Travel,4011.11,UPI,Subscription,2,41,11491,0.349,0.0946,1
38,48787,Food,3569.94,UPI,Utility,25,55,20061,0.178,0.0732,0
22,36621,Travel,943.95,Wallet,Transport,15,36,22551,0.042,0.0258,0
35,92984,Entertainment,4636.17,Card,Education,10,41,5011,0.925,0.0499,1
45,49051,Healthcare,1312.15,Card,Transport,26,36,11296,0.116,0.0268,0
59,64811,Education,1448.89,Card,Local,3,44,4381,0.331,0.0224,0
39,45447,Bills,312.9,UPI,Education,0,4,16168,0.019,0.0069,0
38,143046,Education,1088.11,Net Banking,Education,24,57,2913,0.374,0.0076,0
23,99045,Other,1566.75,Card,Transport,20,30,2044,0.767,0.0158,0
18,131859,Entertainment,2137.44,UPI,Subscription,21,24,28606,0.075,0.0162,0
22,18471,Education,710.88,UPI,Local,15,20,27722,0.026,0.0385,0
58,135312,Other,978.43,Net Banking,Subscription,18,46,16229,0.06,0.0072,0
29,61850,Bills,4700.28,Wallet,Local,15,56,5284,0.89,0.076,1
43,69220,Shopping,3419.78,Wallet,Transport,10,31,22645,0.151,0.0494,0
51,108808,Travel,3829.47,Card,Local,25,24,24758,0.155,0.0352,0
31,68072,Bills,1662.17,Card,Online,7,7,27134,0.061,0.0244,0
43,98820,Food,2180.77,Net Banking,Education,30,26,23845,0.091,0.0221,0
44,38284,Entertainment,2611.69,Card,Utility,22,13,6126,0.426,0.0682,0
26,98369,Shopping,4657.14,Net Banking,Transport,0,54,5014,0.929,0.0473,1
43,40122,Food,468.93,UPI,Restaurant,25,8,1645,0.285,0.0117,0
39,145349,Food,1173.18,Card,Utility,27,55,9602,0.122,0.0081,0
47,85553,Entertainment,2047.6,UPI,Transport,20,5,11998,0.171,0.0239,0
34,109788,Shopping,1838.12,Cash,Utility,25,44,5950,0.309,0.0167,0
43,77812,Healthcare,968.76,Net Banking,Online,8,13,18450,0.053,0.0125,0
53,22999,Food,2464.18,Cash,Utility,27,29,27471,0.09,0.1071,1
18,37436,Food,1208.68,Card,Local,26,20,19889,0.061,0.0323,0
25,57963,Shopping,1745.82,UPI,Utility,11,14,5007,0.349,0.0301,0
52,148168,Education,2391.78,Card,Transport,21,32,14035,0.17,0.0161,0
32,123899,Food,1252.06,Cash,Restaurant,7,50,4748,0.264,0.0101,0
39,41201,Travel,2907.35,Card,Restaurant,25,27,14023,0.207,0.0706,0
31,20105,Shopping,3258.18,Wallet,Subscription,16,56,25167,0.129,0.1621,1
43,132666,Food,997.8,Cash,Education,9,25,4492,0.222,0.0075,0
45,109848,Entertainment,1202.2,Card,Utility,26,52,9022,0.133,0.0109,0
40,17839,Bills,799.95,UPI,Restaurant,6,4,8527,0.094,0.0448,0
31,83920,Travel,1718.6,Card,Utility,18,21,22644,0.076,0.0205,0
41,58619,Other,2136.45,UPI,Education,24,18,26030,0.082,0.0364,0
19,57821,Other,1342.67,Wallet,Restaurant,5,39,12472,0.108,0.0232,0
43,140736,Bills,2096.04,Card,Education,20,15,15805,0.133,0.0149,0
31,32069,Other,1178.42,Wallet,Utility,23,53,11293,0.104,0.0367,0
24,22531,Bills,1207.39,Cash,Transport,23,38,24929,0.048,0.0536,0
20,82155,Food,2211.92,UPI,Utility,27,48,19861,0.111,0.0269,0
40,77424,Travel,1268.01,Cash,Education,27,52,22231,0.057,0.0164,0
35,60603,Travel,1653.57,UPI,Transport,18,24,21173,0.078,0.0273,0
55,147503,Education,2265.2,Wallet,Transport,17,8,1029,2.201,0.0154,1
52,107573,Bills,2075.36,Net Banking,Subscription,14,28,19776,0.105,0.0193,0
32,118302,Travel,1191.04,Card,Restaurant,1,21,26342,0.045,0.0101,0
42,146234,Education,3472.73,Wallet,Local,13,16,24327,0.143,0.0237,0
54,34675,Shopping,81.7,UPI,Transport,20,54,26549,0.003,0.0024,0
45,88997,Education,2534.76,UPI,Education,9,16,5234,0.484,0.0285,0
27,22896,Entertainment,2047.77,UPI,Restaurant,27,35,14398,0.142,0.0894,1
56,64733,Healthcare,714.4,UPI,Online,15,17,26673,0.027,0.011,0
34,56800,Food,1869.62,Card,Utility,6,9,19409,0.096,0.0329,0
56,111044,Shopping,1071.55,Cash,Education,7,57,13485,0.079,0.0096,0
39,20347,Healthcare,2413.69,Net Banking,Online,9,35,20645,0.117,0.1186,1
43,148715,Healthcare,96.99,Card,Education,14,52,23025,0.004,0.0007,0
42,55785,Shopping,1434.1,UPI,Utility,7,29,14489,0.099,0.0257,0
34,33681,Entertainment,1151.45,Card,Subscription,12,39,3242,0.355,0.0342,0
30,118864,Education,2914.41,Wallet,Education,11,18,5135,0.568,0.0245,0
37,62299,Food,324.01,UPI,Transport,7,12,4925,0.066,0.0052,0
42,32073,Education,1786.56,Net Banking,Local,14,19,9161,0.195,0.0557,0
21,117304,Travel,2514.32,UPI,Transport,25,48,4330,0.581,0.0214,0
27,45682,Education,5203.29,Net Banking,Utility,11,22,23876,0.218,0.1139,1
20,139302,Other,1204.51,Net Banking,Education,10,59,1033,1.166,0.0086,1
58,130359,Shopping,2161.38,Cash,Local,18,56,14750,0.147,0.0166,0
35,81707,Food,344.88,Cash,Transport,13,49,21446,0.016,0.0042,0
53,80428,Education,1723.17,Card,Local,26,52,24004,0.072,0.0214,0
39,65601,Food,3635.74,Card,Utility,17,15,12747,0.285,0.0554,0
51,148611,Food,5234.94,Net Banking,Subscription,12,1,23447,0.223,0.0352,1
25,126487,Travel,2300.73,UPI,Subscription,3,2,28755,0.08,0.0182,0
57,43228,Travel,444.12,Wallet,Education,30,8,24173,0.018,0.0103,0
36,137788,Shopping,4008.91,Wallet,Transport,16,22,4587,0.874,0.0291,1
59,112239,Entertainment,447.8,UPI,Online,18,25,9453,0.047,0.004,0
58,41928,Other,657.0,UPI,Utility,26,2,13793,0.048,0.0157,0
54,33322,Healthcare,4225.48,Cash,Transport,8,51,9582,0.441,0.1268,1
23,102896,Food,1635.63,Wallet,Transport,22,9,2855,0.573,0.0159,0
43,77292,Entertainment,1104.03,Net Banking,Subscription,6,9,2455,0.45,0.0143,0
51,44055,Healthcare,2743.9,Card,Education,0,13,3471,0.791,0.0623,0
23,57891,Healthcare,1940.23,Cash,Local,6,6,6039,0.321,0.0335,0
54,96912,Other,3429.53,Wallet,Utility,25,30,7993,0.429,0.0354,0
50,105536,Shopping,2002.59,UPI,Local,6,15,18556,0.108,0.019,0
39,21304,Healthcare,2034.26,Wallet,Restaurant,19,51,3336,0.61,0.0955,1
38,22345,Other,3351.94,Net Banking,Restaurant,6,53,21811,0.154,0.15,1
23,106006,Healthcare,1619.74,Cash,Utility,7,15,5439,0.298,0.0153,0
23,144350,Food,857.74,UPI,Education,15,50,4144,0.207,0.0059,0
21,34446,Food,2847.67,Net Banking,Online,2,7,19181,0.148,0.0827,1
47,17336,Bills,1396.17,Card,Restaurant,12,58,20945,0.067,0.0805,1
28,77032,Entertainment,2113.68,Cash,Subscription,9,11,3666,0.577,0.0274,0
47,112852,Education,277.0,Net Banking,Online,17,40,10011,0.028,0.0025,0
48,33474,Other,1572.7,Net Banking,Transport,6,38,683,2.303,0.047,1
41,70718,Travel,1164.79,UPI,Restaurant,20,40,9975,0.117,0.0165,0
26,59629,Other,268.6,Card,Subscription,20,2,19730,0.014,0.0045,0
20,60232,Education,1608.51,Net Banking,Transport,29,51,27309,0.059,0.0267,0
48,101544,Entertainment,1647.62,Cash,Online,4,48,29164,0.056,0.0162,0
57,65669,Travel,2218.47,Net Banking,Utility,30,39,26508,0.084,0.0338,0
54,84184,Education,3596.88,Wallet,Transport,22,10,11832,0.304,0.0427,0
53,28140,Bills,3233.12,Cash,Local,24,44,15673,0.206,0.1149,1
41,141468,Travel,1227.77,Cash,Utility,26,17,10488,0.117,0.0087,0
48,98457,Food,1968.83,Net Banking,Utility,23,7,5222,0.377,0.02,0
23,29357,Education,2436.22,UPI,Online,21,54,15694,0.155,0.083,1
19,126672,Other,1254.48,Cash,Online,6,40,27131,0.046,0.0099,0
37,83673,Travel,486.14,Wallet,Subscription,24,39,28412,0.017,0.0058,0
45,136673,Bills,1486.48,UPI,Subscription,29,4,17666,0.084,0.0109,0
28,80633,Other,3693.32,UPI,Local,26,35,18391,0.201,0.0458,0
21,111111,Healthcare,464.92,UPI,Utility,21,51,14572,0.032,0.0042,0
32,93258,Travel,786.81,Cash,Education,16,47,16476,0.048,0.0084,0
23,84286,Travel,931.77,UPI,Local,3,36,29946,0.031,0.0111,0
47,108269,Bills,794.31,Net Banking,Local,23,31,6355,0.125,0.0073,0
55,89071,Healthcare,2751.89,UPI,Education,22,25,13794,0.199,0.0309,0
19,45651,Education,1068.28,Wallet,Education,15,41,24422,0.044,0.0234,0
32,85202,Shopping,2800.33,Card,Education,18,13,12546,0.223,0.0329,0
28,63777,Education,1785.14,Wallet,Online,9,18,1176,1.518,0.028,1
25,82263,Healthcare,367.87,Cash,Local,2,21,24134,0.015,0.0045,0
43,115158,Entertainment,1275.29,UPI,Local,26,48,26906,0.047,0.0111,0
22,25800,Other,3295.32,UPI,Transport,2,1,24697,0.133,0.1277,1
23,52823,Bills,1927.22,Net Banking,Education,27,36,4590,0.42,0.0365,0
43,78878,Education,1349.21,UPI,Education,30,50,12998,0.104,0.0171,0
21,33708,Travel,3721.56,Wallet,Subscription,16,8,22607,0.165,0.1104,1
36,78870,Bills,723.4,Cash,Subscription,30,52,26436,0.027,0.0092,0
37,24283,Food,1098.96,Card,Utility,9,48,13277,0.083,0.0453,0
50,93707,Healthcare,3098.43,UPI,Subscription,16,21,19570,0.158,0.0331,0
37,20774,Other,2714.82,Card,Restaurant,21,43,8882,0.306,0.1307,1
29,111468,Education,673.22,UPI,Utility,29,52,15506,0.043,0.006,0
18,111334,Bills,2381.38,Cash,Education,29,53,9534,0.25,0.0214,0
43,33133,Other,1054.65,Wallet,Transport,16,53,9026,0.117,0.0318,0
31,15781,Education,255.72,Cash,Subscription,20,21,24573,0.01,0.0162,0
55,129586,Bills,1369.21,Card,Transport,3,27,14430,0.095,0.0106,0
54,42624,Travel,5445.0,UPI,Subscription,20,19,1610,3.382,0.1277,1
28,21823,Food,3332.05,Card,Subscription,22,23,17462,0.191,0.1527,1
53,33489,Food,1672.42,Wallet,Transport,5,51,16945,0.099,0.0499,0
30,44118,Entertainment,438.86,Cash,Local,11,50,886,0.495,0.0099,0
20,115417,Bills,264.07,Card,Local,24,51,26245,0.01,0.0023,0
50,96816,Education,1789.08,Card,Local,21,43,19084,0.094,0.0185,0
23,28565,Food,2277.66,Wallet,Restaurant,24,35,13406,0.17,0.0797,0
27,106179,Healthcare,2772.95,UPI,Local,19,40,2183,1.27,0.0261,1
22,38648,Food,2567.25,Card,Subscription,16,52,15533,0.165,0.0664,0
40,56971,Shopping,2712.91,Wallet,Education,16,51,16208,0.167,0.0476,0
27,33658,Shopping,2093.59,UPI,Online,9,42,6821,0.307,0.0622,0
19,36253,Food,3670.44,UPI,Transport,6,48,24940,0.147,0.1012,1
30,103664,Bills,1163.01,Cash,Education,28,5,9178,0.127,0.0112,0
57,118850,Entertainment,1770.16,Wallet,Online,15,52,12424,0.142,0.0149,0
19,148623,Food,369.29,UPI,Education,28,41,24298,0.015,0.0025,0
37,86947,Travel,1144.04,Cash,Restaurant,12,8,14065,0.081,0.0132,0
18,76001,Other,3273.48,Net Banking,Online,2,11,23527,0.139,0.0431,0
54,137775,Education,2656.13,Wallet,Utility,1,16,9232,0.288,0.0193,0
26,48243,Entertainment,175.69,Net Banking,Local,15,39,6131,0.029,0.0036,0
34,90939,Travel,5699.77,UPI,Restaurant,29,47,24829,0.23,0.0627,1
26,72828,Entertainment,1930.71,Wallet,Education,5,24,10752,0.18,0.0265,0
28,21710,Travel,1956.1,Cash,Subscription,5,21,24610,0.079,0.0901,1
32,52991,Education,1088.27,UPI,Local,12,52,12938,0.084,0.0205,0
41,100445,Education,1280.22,Wallet,Local,6,23,5669,0.226,0.0127,0
55,95257,Shopping,1915.78,Wallet,Online,4,49,26314,0.073,0.0201,0
52,52711,Bills,2557.37,Net Banking,Utility,23,38,26066,0.098,0.0485,0
47,21530,Travel,2161.21,UPI,Local,6,47,7287,0.297,0.1004,1
48,26116,Other,1156.39,Cash,Education,1,8,21351,0.054,0.0443,0
22,80794,Shopping,848.04,Cash,Education,30,7,5732,0.148,0.0105,0
31,146354,Travel,801.42,UPI,Transport,16,2,27375,0.029,0.0055,0
28,147970,Shopping,3438.77,UPI,Transport,12,30,25014,0.137,0.0232,0
26,19135,Education,3176.39,Card,Local,29,13,23080,0.138,0.166,1
51,124472,Entertainment,2403.27,Net Banking,Online,24,23,20791,0.116,0.0193,0
29,140147,Healthcare,3422.84,UPI,Online,20,29,4788,0.715,0.0244,0
52,104087,Shopping,1580.73,UPI,Subscription,27,38,7234,0.219,0.0152,0
52,48380,Travel,3001.34,Card,Restaurant,26,37,17964,0.167,0.062,0
18,144951,Travel,2486.76,Card,Restaurant,20,20,6740,0.369,0.0172,0
57,32071,Healthcare,3054.08,Wallet,Restaurant,27,33,17081,0.179,0.0952,1
39,35074,Bills,735.66,Cash,Utility,15,29,8314,0.088,0.021,0
46,82843,Other,150.07,Net Banking,Online,25,50,10886,0.014,0.0018,0
25,54901,Education,2073.29,Wallet,Subscription,19,15,8351,0.248,0.0378,0
28,26205,Travel,1334.46,UPI,Transport,1,23,26674,0.05,0.0509,0
58,139661,Food,212.23,Card,Education,4,42,2100,0.101,0.0015,0
54,20906,Entertainment,3794.77,Cash,Restaurant,17,3,24346,0.156,0.1815,1
31,148663,Shopping,3182.12,Wallet,Transport,27,37,7366,0.432,0.0214,0
47,140576,Bills,2198.7,Cash,Transport,6,56,4192,0.524,0.0156,0
52,77987,Other,890.97,Card,Local,10,29,28941,0.031,0.0114,0
38,95685,Healthcare,353.72,Wallet,Utility,24,45,25759,0.014,0.0037,0
54,125454,Entertainment,209.11,Wallet,Subscription,24,8,19967,0.01,0.0017,0
22,120487,Education,1137.55,Cash,Utility,10,22,20873,0.054,0.0094,0
36,69400,Bills,2739.15,Card,Local,21,53,832,3.292,0.0395,1
31,46852,Other,1345.03,UPI,Subscription,16,29,14209,0.095,0.0287,0
43,67756,Shopping,2423.09,Wallet,Subscription,15,2,14609,0.166,0.0358,0
21,130357,Shopping,2504.09,UPI,Online,12,41,15347,0.163,0.0192,0
42,134052,Healthcare,2712.93,Card,Utility,21,49,15007,0.181,0.0202,0
59,71481,Food,296.56,Wallet,Utility,4,59,10463,0.028,0.0041,0
42,16283,Healthcare,956.94,Wallet,Online,19,50,6606,0.145,0.0588,0
35,48691,Education,2393.19,UPI,Transport,15,45,7833,0.306,0.0492,0
57,147197,Bills,4324.25,Net Banking,Local,27,1,16558,0.261,0.0294,0
25,41170,Bills,3577.27,UPI,Utility,21,44,7155,0.5,0.0869,1
56,23438,Travel,2121.7,UPI,Online,21,20,5808,0.365,0.0905,1
57,35095,Food,3820.53,Net Banking,Education,15,52,21084,0.181,0.1089,1
31,24752,Food,2110.63,Card,Subscription,15,21,19605,0.108,0.0853,1
49,70426,Bills,453.25,Card,Restaurant,13,37,25882,0.018,0.0064,0
55,41819,Bills,2682.66,Wallet,Education,5,8,1564,1.715,0.0641,1
50,107051,Entertainment,3656.34,Cash,Online,1,27,9580,0.382,0.0342,0
40,47994,Other,5184.4,Cash,Restaurant,30,47,11615,0.446,0.108,1
32,112756,Entertainment,1112.96,Wallet,Transport,13,59,7320,0.152,0.0099,0
50,110665,Entertainment,671.49,Cash,Local,15,35,9012,0.075,0.0061,0
42,146717,Food,3007.06,UPI,Restaurant,22,6,4457,0.675,0.0205,0
34,96835,Travel,2297.71,UPI,Transport,29,45,19266,0.119,0.0237,0
50,137232,Shopping,2159.56,Net Banking,Restaurant,19,44,20115,0.107,0.0157,0
19,58732,Entertainment,3854.71,Net Banking,Subscription,12,19,27387,0.141,0.0656,0
31,61305,Travel,2999.41,Wallet,Subscription,14,18,7508,0.399,0.0489,0
57,24346,Healthcare,2444.7,Wallet,Subscription,11,56,28677,0.085,0.1004,1
57,15587,Education,1224.34,Wallet,Subscription,8,1,16544,0.074,0.0785,0
56,27763,Entertainment,2842.58,UPI,Online,25,25,18384,0.155,0.1024,1
23,84615,Healthcare,647.66,Cash,Subscription,17,27,15187,0.043,0.0077,0
23,135987,Shopping,2106.51,Wallet,Education,20,7,18452,0.114,0.0155,0
20,106353,Education,1688.63,Wallet,Subscription,13,44,22776,0.074,0.0159,0
24,110648,Education,433.05,UPI,Education,19,42,20165,0.021,0.0039,0
25,40556,Shopping,2302.22,UPI,Online,24,29,10211,0.225,0.0568,0
59,74042,Entertainment,1114.86,UPI,Subscription,3,31,26994,0.041,0.0151,0
32,33099,Food,2264.64,Cash,Transport,7,44,20973,0.108,0.0684,0
46,124089,Shopping,806.2,Wallet,Transport,7,43,18749,0.043,0.0065,0
50,48866,Shopping,3018.95,Card,Utility,21,36,10097,0.299,0.0618,0
47,120400,Shopping,4751.78,Card,Transport,21,19,27799,0.171,0.0395,0
56,99246,Education,647.86,Wallet,Local,15,6,22484,0.029,0.0065,0
44,91975,Other,805.33,Wallet,Local,26,25,15754,0.051,0.0088,0
53,96557,Travel,555.33,Wallet,Local,23,31,22939,0.024,0.0058,0
46,87516,Healthcare,1480.28,Wallet,Online,27,9,16888,0.088,0.0169,0
55,47602,Food,2241.05,Cash,Transport,28,20,14869,0.151,0.0471,0
50,144295,Entertainment,2730.09,Card,Education,27,10,8459,0.323,0.0189,0
54,102969,Entertainment,2078.23,Net Banking,Local,9,37,18052,0.115,0.0202,0
44,147161,Healthcare,2675.55,Card,Utility,24,27,19282,0.139,0.0182,0
50,15155,Travel,1645.94,Card,Online,30,13,19514,0.084,0.1086,1
21,138950,Shopping,1104.74,UPI,Utility,20,41,7108,0.155,0.008,0
39,82494,Other,822.18,Wallet,Transport,26,2,847,0.971,0.01,1
19,91229,Food,1520.59,Wallet,Subscription,16,50,22745,0.067,0.0167,0
27,119648,Entertainment,838.99,Wallet,Utility,0,21,12912,0.065,0.007,0
22,53547,Healthcare,2195.77,UPI,Subscription,30,33,10505,0.209,0.041,0
27,43795,Bills,850.17,Cash,Online,17,24,20226,0.042,0.0194,0
50,36447,Other,1198.83,Cash,Utility,9,53,7000,0.171,0.0329,0
55,102960,Healthcare,3427.55,Net Banking,Utility,25,44,3074,1.115,0.0333,1
30,78278,Other,3639.04,Cash,Restaurant,20,42,20709,0.176,0.0465,0
48,70077,Entertainment,3566.44,Cash,Online,3,34,21477,0.166,0.0509,0
53,127782,Shopping,1665.54,Wallet,Online,0,9,5772,0.289,0.013,0
41,117932,Bills,1139.49,Card,Local,3,2,25128,0.045,0.0097,0
32,124869,Travel,2424.15,Cash,Transport,3,55,17032,0.142,0.0194,0
46,63781,Food,864.77,Cash,Utility,25,56,9194,0.094,0.0136,0
25,68798,Travel,2818.31,UPI,Utility,3,30,17753,0.159,0.041,0
22,113696,Travel,1061.63,Net Banking,Education,16,22,4021,0.264,0.0093,0
46,65939,Healthcare,1474.99,UPI,Online,8,46,29390,0.05,0.0224,0
21,44516,Other,2859.31,Wallet,Online,29,11,20755,0.138,0.0642,0
29,65290,Food,338.29,Card,Transport,18,55,1800,0.188,0.0052,0
19,141688,Food,1097.04,Net Banking,Online,12,43,27575,0.04,0.0077,0
44,101661,Entertainment,2227.58,UPI,Subscription,3,17,24479,0.091,0.0219,0
48,87954,Entertainment,2555.79,Cash,Subscription,4,36,12725,0.201,0.0291,0
53,37746,Food,2287.08,Cash,Restaurant,28,13,11981,0.191,0.0606,0
53,82990,Bills,1461.59,Net Banking,Subscription,12,7,21717,0.067,0.0176,0
43,73810,Education,3048.02,Cash,Subscription,22,16,12545,0.243,0.0413,0
44,133362,Entertainment,800.02,UPI,Transport,15,33,23554,0.034,0.006,0
22,148669,Education,772.04,UPI,Utility,21,45,19335,0.04,0.0052,0
37,17659,Healthcare,2212.93,Cash,Subscription,4,1,4885,0.453,0.1253,1
28,101516,Bills,727.74,Cash,Restaurant,7,11,15255,0.048,0.0072,0
27,89567,Food,4854.26,Wallet,Online,15,6,25414,0.191,0.0542,0
57,30037,Bills,1121.48,Card,Subscription,29,20,3324,0.337,0.0373,0
55,141498,Entertainment,3011.35,Net Banking,Restaurant,0,35,23738,0.127,0.0213,0
23,27109,Travel,626.51,UPI,Transport,22,44,26769,0.023,0.0231,0
25,37010,Healthcare,4222.87,Net Banking,Education,27,37,6464,0.653,0.1141,1
40,23787,Food,1747.46,Wallet,Education,5,41,17870,0.098,0.0735,0
43,76709,Shopping,1098.17,UPI,Education,10,26,25055,0.044,0.0143,0
29,49518,Healthcare,1388.32,Wallet,Online,15,58,20374,0.068,0.028,0
43,68909,Other,966.76,Wallet,Restaurant,4,12,24960,0.039,0.014,0
30,33351,Education,1472.05,Cash,Subscription,15,30,27809,0.053,0.0441,0
57,30282,Bills,658.56,Net Banking,Utility,6,28,4267,0.154,0.0217,0
35,20075,Food,1125.35,Net Banking,Online,18,27,14076,0.08,0.0561,0
42,43365,Healthcare,2974.09,Cash,Online,0,42,12768,0.233,0.0686,0
50,26002,Bills,2000.96,Net Banking,Education,8,19,18890,0.106,0.077,0
57,28947,Food,786.89,Cash,Utility,17,5,8425,0.093,0.0272,0
29,109840,Entertainment,1508.98,UPI,Education,12,58,3607,0.418,0.0137,0
53,131219,Healthcare,3665.59,Wallet,Online,25,5,21352,0.172,0.0279,0
21,93610,Entertainment,1225.81,Wallet,Subscription,14,41,20214,0.061,0.0131,0
22,67142,Healthcare,721.29,Net Banking,Education,2,27,28117,0.026,0.0107,0
54,71307,Entertainment,2494.45,Card,Education,23,28,9222,0.27,0.035,0
25,65085,Other,224.64,Wallet,Education,27,26,17807,0.013,0.0035,0
59,49228,Bills,1411.31,Cash,Online,9,27,29194,0.048,0.0287,0
45,58472,Shopping,3870.54,Card,Subscription,8,52,23131,0.167,0.0662,0
48,64437,Healthcare,1478.19,Card,Utility,12,49,25316,0.058,0.0229,0
26,74711,Other,3166.51,Wallet,Local,15,42,18780,0.169,0.0424,0
46,92175,Healthcare,713.12,Wallet,Utility,2,21,8383,0.085,0.0077,0
31,79307,Entertainment,1436.98,Wallet,Subscription,21,1,20208,0.071,0.0181,0
57,61733,Food,1340.31,Cash,Transport,22,54,13953,0.096,0.0217,0
58,143202,Healthcare,2406.27,Card,Education,14,28,17697,0.136,0.0168,0
39,110028,Other,1814.8,Net Banking,Utility,16,48,21634,0.084,0.0165,0
28,107493,Entertainment,4199.97,Cash,Transport,13,58,8118,0.517,0.0391,0
40,140149,Travel,1175.44,UPI,Transport,6,58,1282,0.917,0.0084,1
18,23259,Entertainment,1799.63,Wallet,Subscription,19,15,15142,0.119,0.0774,0
54,143775,Bills,1377.28,Card,Subscription,15,55,20939,0.066,0.0096,0
38,29849,Shopping,1709.66,Cash,Education,20,17,8289,0.206,0.0573,0
43,96768,Travel,1603.21,UPI,Local,7,26,25083,0.064,0.0166,0
53,121108,Bills,858.07,Cash,Restaurant,3,20,28849,0.03,0.0071,0
40,104709,Bills,2868.94,Cash,Online,30,25,14502,0.198,0.0274,0
18,69869,Bills,1035.9,Net Banking,Utility,19,13,29746,0.035,0.0148,0
57,141888,Food,980.28,Net Banking,Subscription,23,33,20023,0.049,0.0069,0
32,78095,Bills,456.38,Cash,Utility,14,25,12481,0.037,0.0058,0
38,132886,Food,1150.28,UPI,Restaurant,4,8,5507,0.209,0.0087,0
26,85910,Bills,1025.56,Card,Restaurant,12,5,20935,0.049,0.0119,0
26,38567,Education,270.01,Card,Education,5,6,8075,0.033,0.007,0
27,50292,Other,1467.52,Wallet,Transport,27,23,25593,0.057,0.0292,0
43,89813,Travel,4082.19,Wallet,Education,26,52,20074,0.203,0.0455,0
58,112136,Education,533.45,Card,Online,29,30,16684,0.032,0.0048,0
52,66631,Bills,1687.87,Cash,Local,4,14,11794,0.143,0.0253,0
42,24885,Travel,1442.46,Cash,Utility,16,54,6137,0.235,0.058,0
43,81314,Travel,2624.3,Net Banking,Online,6,23,13270,0.198,0.0323,0
28,80087,Healthcare,2751.91,Net Banking,Local,5,11,15042,0.183,0.0344,0
55,110998,Shopping,6017.03,Wallet,Utility,1,31,11408,0.527,0.0542,1
19,64812,Education,2051.12,Card,Online,10,6,17462,0.117,0.0316,0
24,73643,Shopping,923.99,Cash,Subscription,6,11,25022,0.037,0.0125,0
35,59900,Travel,1126.1,Card,Utility,21,13,21366,0.053,0.0188,0
44,31288,Food,1214.54,UPI,Online,20,12,13199,0.092,0.0388,0
51,87692,Travel,1058.06,Card,Restaurant,7,54,2365,0.447,0.0121,0
44,100436,Shopping,4722.48,UPI,Local,4,2,22373,0.211,0.047,0
34,61403,Education,2666.52,Net Banking,Online,26,53,1876,1.421,0.0434,1
41,106170,Bills,2392.44,Net Banking,Subscription,17,35,14755,0.162,0.0225,0
42,24168,Healthcare,737.92,Wallet,Education,21,55,14147,0.052,0.0305,0
24,64879,Healthcare,2733.94,Card,Utility,15,36,28014,0.098,0.0421,0
23,74871,Healthcare,3489.62,Card,Utility,13,17,25981,0.134,0.0466,0
41,47174,Bills,1461.33,UPI,Utility,11,28,5908,0.247,0.031,0
50,125155,Healthcare,1116.22,Net Banking,Subscription,16,28,8663,0.129,0.0089,0
46,86853,Education,4265.68,UPI,Local,4,22,21942,0.194,0.0491,0
39,79046,Bills,1008.31,Net Banking,Utility,13,38,26040,0.039,0.0128,0
43,64678,Healthcare,928.88,UPI,Local,5,7,6783,0.137,0.0144,0
45,41649,Bills,811.63,Net Banking,Online,14,15,2476,0.328,0.0195,0
38,142795,Shopping,1630.33,UPI,Restaurant,6,32,6943,0.235,0.0114,0
24,103668,Other,2046.99,Net Banking,Restaurant,13,11,13824,0.148,0.0197,0
34,104906,Other,3192.26,UPI,Local,17,24,21643,0.147,0.0304,0
37,111019,Education,2464.75,Card,Local,0,3,8095,0.304,0.0222,0
58,93002,Entertainment,2438.62,Wallet,Restaurant,5,30,5420,0.45,0.0262,0
37,43803,Food,3830.91,UPI,Utility,2,6,18771,0.204,0.0875,1
39,45795,Healthcare,780.99,Wallet,Transport,4,58,27523,0.028,0.0171,0
45,23770,Food,505.87,Card,Transport,11,2,17875,0.028,0.0213,0
57,26093,Bills,2544.65,Card,Subscription,30,14,5728,0.444,0.0975,1
24,146265,Food,1576.71,Net Banking,Education,10,41,12248,0.129,0.0108,0
18,115311,Education,3199.66,Wallet,Restaurant,12,18,29035,0.11,0.0277,0
49,32569,Education,1682.81,Cash,Restaurant,15,51,16215,0.104,0.0517,0
30,26190,Travel,1087.49,Net Banking,Subscription,30,44,14984,0.073,0.0415,0
47,77824,Other,2569.0,Wallet,Transport,17,31,24930,0.103,0.033,0
40,57070,Healthcare,1831.94,UPI,Online,30,13,6950,0.264,0.0321,0
36,55197,Travel,1683.83,UPI,Utility,16,26,20488,0.082,0.0305,0
49,17261,Food,6710.51,Card,Utility,16,44,17967,0.373,0.3888,1
47,101795,Entertainment,3647.46,Cash,Online,28,12,25510,0.143,0.0358,0
46,43933,Travel,2784.77,UPI,Online,10,18,520,5.355,0.0634,1
46,55583,Travel,1871.26,Wallet,Transport,19,9,27998,0.067,0.0337,0
47,127082,Education,1762.43,Wallet,Subscription,9,49,15217,0.116,0.0139,0
33,100371,Entertainment,1383.69,UPI,Online,28,21,15080,0.092,0.0138,0
57,126032,Bills,2002.5,Wallet,Subscription,15,48,10617,0.189,0.0159,0
36,57604,Food,1198.09,Wallet,Education,1,49,10164,0.118,0.0208,0
35,110074,Travel,651.09,Card,Local,16,53,1599,0.407,0.0059,0
18,88869,Entertainment,1669.41,Cash,Utility,21,56,23725,0.07,0.0188,0
31,20410,Other,2113.75,Card,Transport,29,40,3137,0.674,0.1036,1
19,98375,Healthcare,3204.47,Cash,Utility,19,43,9081,0.353,0.0326,0
45,111055,Entertainment,933.08,Wallet,Transport,9,24,8244,0.113,0.0084,0
47,101716,Other,1772.17,Cash,Local,12,34,20297,0.087,0.0174,0
55,69245,Food,2452.2,Wallet,Utility,11,8,7957,0.308,0.0354,0
21,58056,Entertainment,2416.38,Wallet,Local,14,44,11307,0.214,0.0416,0
18,73557,Other,4575.67,Card,Transport,6,53,18238,0.251,0.0622,0
25,32543,Entertainment,1403.26,Card,Online,26,33,6902,0.203,0.0431,0
46,111038,Entertainment,872.55,Net Banking,Education,21,23,5021,0.174,0.0079,0
56,18828,Healthcare,1853.17,UPI,Utility,20,13,22009,0.084,0.0984,1
20,131656,Other,1456.29,Net Banking,Local,25,54,16889,0.086,0.0111,0
49,32087,Other,1277.7,Net Banking,Restaurant,27,53,8882,0.144,0.0398,0
27,46337,Travel,1154.5,Cash,Utility,12,49,25223,0.046,0.0249,0
27,80333,Food,2119.44,Wallet,Utility,11,14,13192,0.161,0.0264,0
36,85448,Healthcare,1037.42,Wallet,Utility,11,14,4853,0.214,0.0121,0
51,19648,Entertainment,2783.2,Wallet,Subscription,27,16,15565,0.179,0.1417,1
50,145576,Entertainment,2699.1,UPI,Local,1,49,20434,0.132,0.0185,0
40,48623,Travel,2248.09,Cash,Local,4,38,14925,0.151,0.0462,0
45,50634,Food,779.89,Cash,Utility,24,58,13611,0.057,0.0154,0
49,129598,Education,2055.91,Wallet,Online,24,39,8531,0.241,0.0159,0
24,64334,Healthcare,3340.32,Net Banking,Utility,1,26,20989,0.159,0.0519,0
46,83648,Travel,2912.41,UPI,Subscription,22,26,26186,0.111,0.0348,0
25,37054,Food,2655.44,Net Banking,Transport,25,1,28909,0.092,0.0717,0
18,85028,Healthcare,1753.94,Card,Subscription,29,32,16010,0.11,0.0206,0
20,37207,Entertainment,1700.38,Cash,Online,19,57,5583,0.305,0.0457,0
41,96554,Food,3684.76,Cash,Utility,12,15,9316,0.396,0.0382,0
40,98276,Food,2097.07,Net Banking,Local,28,52,12817,0.164,0.0213,0
25,67781,Bills,2114.62,UPI,Education,2,21,2675,0.791,0.0312,0
54,76035,Food,7905.56,Cash,Restaurant,10,18,11841,0.668,0.104,1
20,23210,Education,1381.53,Net Banking,Utility,15,30,26154,0.053,0.0595,0
50,59363,Food,247.67,UPI,Online,0,58,28627,0.009,0.0042,0
45,93279,Education,1529.22,Net Banking,Local,18,13,27428,0.056,0.0164,0
25,149393,Entertainment,1592.94,UPI,Subscription,10,24,25621,0.062,0.0107,0
51,96348,Education,2076.35,Wallet,Transport,8,30,22108,0.094,0.0216,0
52,128816,Healthcare,2401.55,UPI,Transport,13,2,18079,0.133,0.0186,0
49,138053,Entertainment,292.27,Card,Education,30,19,2569,0.114,0.0021,0
41,81262,Entertainment,2433.75,Wallet,Utility,8,47,3858,0.631,0.0299,0
31,149832,Education,1660.41,Net Banking,Subscription,6,44,19322,0.086,0.0111,0
49,82411,Other,1427.19,Wallet,Education,15,47,9308,0.153,0.0173,0
33,38377,Travel,432.53,Wallet,Restaurant,2,25,4744,0.091,0.0113,0
21,53211,Shopping,4167.16,Net Banking,Restaurant,28,50,20227,0.206,0.0783,0
54,18744,Other,1265.23,Net Banking,Education,18,14,2311,0.547,0.0675,0
38,39995,Food,2678.34,Card,Online,3,6,17055,0.157,0.067,0
31,49542,Bills,922.66,Net Banking,Transport,6,12,21026,0.044,0.0186,0
48,25651,Shopping,2136.97,Cash,Subscription,22,20,17509,0.122,0.0833,1
35,114239,Food,1443.4,Cash,Utility,27,23,6406,0.225,0.0126,0
24,93931,Other,2625.92,Card,Local,11,30,8483,0.31,0.028,0
27,117112,Other,1409.21,UPI,Utility,29,30,4563,0.309,0.012,0
24,31715,Food,889.92,UPI,Utility,17,38,10946,0.081,0.0281,0
50,76350,Entertainment,1712.72,Cash,Subscription,27,58,9144,0.187,0.0224,0
40,86425,Food,1654.14,Net Banking,Transport,30,30,10110,0.164,0.0191,0
38,101120,Bills,2044.44,Card,Subscription,4,41,8642,0.237,0.0202,0
36,129889,Other,3140.65,UPI,Local,22,30,1253,2.507,0.0242,1
36,89637,Food,740.97,UPI,Education,22,57,12064,0.061,0.0083,0
53,85194,Education,3040.7,Wallet,Subscription,21,58,7351,0.414,0.0357,0
46,91917,Shopping,652.72,Cash,Online,25,36,5604,0.116,0.0071,0
35,79200,Education,2561.48,Net Banking,Utility,9,49,27799,0.092,0.0323,0
19,120848,Bills,2613.08,Card,Transport,11,34,24227,0.108,0.0216,0
18,121022,Food,1217.26,UPI,Restaurant,7,16,15690,0.078,0.0101,0
22,75058,Healthcare,959.06,Wallet,Local,18,24,23810,0.04,0.0128,0
37,77068,Bills,920.73,Cash,Restaurant,14,14,13921,0.066,0.0119,0
28,114932,Entertainment,1824.81,Cash,Utility,0,26,23711,0.077,0.0159,0
59,37785,Education,2721.9,Card,Subscription,2,8,11702,0.233,0.072,0
19,109475,Education,1561.77,UPI,Restaurant,26,14,11603,0.135,0.0143,0
20,17282,Travel,222.84,Card,Online,17,31,9917,0.022,0.0129,0
40,82534,Food,1159.43,Card,Subscription,17,2,8859,0.131,0.014,0
29,89964,Entertainment,1129.51,Wallet,Utility,29,48,4185,0.27,0.0126,0
37,134006,Healthcare,2391.06,Cash,Restaurant,29,4,25161,0.095,0.0178,0
22,65583,Education,2471.22,Net Banking,Education,1,1,10369,0.238,0.0377,0
54,53392,Education,1919.79,Cash,Local,4,55,18866,0.102,0.036,0
55,22461,Entertainment,3044.27,Cash,Restaurant,28,20,5444,0.559,0.1355,1
47,115123,Bills,3187.61,Wallet,Education,0,59,24776,0.129,0.0277,0
26,25516,Bills,1210.23,Net Banking,Education,9,14,15910,0.076,0.0474,0
51,136251,Food,905.17,UPI,Restaurant,19,40,15971,0.057,0.0066,0
52,77493,Other,1638.42,Net Banking,Transport,29,25,10178,0.161,0.0211,0
39,51027,Travel,1917.23,UPI,Restaurant,9,25,25075,0.076,0.0376,0
41,108547,Education,1166.28,Net Banking,Utility,4,3,9133,0.128,0.0107,0
34,115127,Other,9064.2,Card,Education,17,5,8962,1.011,0.0787,1
27,94003,Other,4018.81,Net Banking,Local,20,38,14388,0.279,0.0428,0
47,54758,Travel,1087.79,Wallet,Utility,25,54,17227,0.063,0.0199,0
40,69312,Other,765.84,UPI,Online,14,26,26282,0.029,0.011,0
49,83670,Other,1023.72,Cash,Subscription,19,40,16703,0.061,0.0122,0
34,97279,Bills,3223.2,Wallet,Restaurant,7,38,3581,0.9,0.0331,1
34,30434,Bills,3272.21,UPI,Transport,16,38,23521,0.139,0.1075,1
31,90769,Shopping,4048.98,UPI,Local,30,4,9949,0.407,0.0446,0
26,81677,Healthcare,884.74,Cash,Transport,11,7,16157,0.055,0.0108,0
57,98555,Food,2384.94,Card,Transport,20,30,2791,0.855,0.0242,1
19,143379,Other,948.48,Wallet,Transport,29,30,2032,0.467,0.0066,0
42,116665,Shopping,4588.02,Cash,Restaurant,29,56,28498,0.161,0.0393,0
56,83803,Healthcare,908.34,Cash,Local,26,19,4862,0.187,0.0108,0
26,106703,Shopping,632.5,Card,Local,11,39,18537,0.034,0.0059,0
39,36312,Shopping,731.76,Wallet,Education,25,35,16515,0.044,0.0202,0
21,132961,Food,1717.92,Cash,Transport,0,40,5488,0.313,0.0129,0
43,55379,Food,2697.38,Card,Education,25,33,6844,0.394,0.0487,0
46,32297,Entertainment,2587.18,Wallet,Education,25,33,8930,0.29,0.0801,1
51,17011,Travel,756.88,Net Banking,Subscription,3,14,16193,0.047,0.0445,0
40,135234,Travel,1311.55,UPI,Restaurant,7,38,9606,0.137,0.0097,0
54,59014,Entertainment,1190.42,Card,Restaurant,0,10,1938,0.614,0.0202,0
28,109333,Entertainment,673.35,UPI,Utility,26,57,19900,0.034,0.0062,0
23,26120,Bills,1169.92,Net Banking,Education,14,28,15319,0.076,0.0448,0
35,37852,Healthcare,3943.3,Cash,Restaurant,17,14,10152,0.388,0.1042,1
38,94239,Shopping,601.14,Cash,Transport,0,36,25050,0.024,0.0064,0
59,147001,Other,2003.58,Wallet,Online,10,38,6889,0.291,0.0136,0
53,106575,Entertainment,3999.2,Card,Transport,22,16,22861,0.175,0.0375,0
58,110040,Education,3873.67,Card,Local,1,21,3579,1.082,0.0352,1
55,20744,Travel,4718.54,Wallet,Restaurant,0,28,6795,0.694,0.2275,1
51,57359,Entertainment,2133.98,UPI,Restaurant,30,33,14203,0.15,0.0372,0
34,113746,Education,2342.36,Cash,Utility,11,6,19142,0.122,0.0206,0
54,135906,Education,1185.96,Cash,Education,15,41,9058,0.131,0.0087,0
42,22597,Education,590.3,Card,Online,21,15,19875,0.03,0.0261,0
55,62093,Bills,1559.93,Card,Restaurant,21,44,4241,0.368,0.0251,0
29,129650,Bills,3471.24,Wallet,Utility,9,3,14381,0.241,0.0268,0
40,135956,Other,219.34,Net Banking,Utility,17,43,16969,0.013,0.0016,0
59,130598,Other,1225.7,UPI,Online,14,47,15914,0.077,0.0094,0
39,148241,Education,2490.67,Net Banking,Transport,16,35,14829,0.168,0.0168,0
38,23036,Healthcare,1733.87,Net Banking,Transport,29,14,19377,0.089,0.0753,0
44,46778,Bills,3741.7,Card,Transport,9,2,29791,0.126,0.08,0
48,33800,Shopping,3251.19,Card,Subscription,2,29,16882,0.193,0.0962,1
23,40372,Education,529.53,Card,Education,25,4,23331,0.023,0.0131,0
44,76516,Shopping,1833.93,Net Banking,Education,29,26,8823,0.208,0.024,0
57,35538,Shopping,984.27,UPI,Transport,20,51,8088,0.122,0.0277,0
51,78918,Education,974.65,Card,Online,15,12,1403,0.695,0.0124,0
29,86155,Travel,565.28,Cash,Subscription,5,2,12148,0.047,0.0066,0
24,74500,Healthcare,2043.01,UPI,Education,2,17,21967,0.093,0.0274,0
27,125659,Education,3790.01,Cash,Transport,8,35,26297,0.144,0.0302,0
34,42716,Other,2164.81,UPI,Subscription,10,10,23074,0.094,0.0507,0
43,149308,Education,535.29,Card,Online,20,48,10455,0.051,0.0036,0
38,17352,Bills,1667.44,Wallet,Transport,12,22,3304,0.505,0.0961,1
45,148004,Education,2427.65,Card,Local,17,41,18110,0.134,0.0164,0
19,91449,Travel,1582.85,Net Banking,Restaurant,25,43,1784,0.887,0.0173,1
18,23556,Bills,2139.39,Net Banking,Online,21,21,1189,1.799,0.0908,1
53,101836,Other,1045.84,UPI,Utility,27,15,22027,0.047,0.0103,0
43,65098,Food,1456.51,Net Banking,Utility,23,35,5282,0.276,0.0224,0
46,127169,Food,1393.32,Card,Online,26,48,21765,0.064,0.011,0
38,141060,Shopping,4224.31,Cash,Utility,21,21,29511,0.143,0.0299,0
28,145544,Healthcare,770.05,Card,Education,3,21,5007,0.154,0.0053,0
57,15340,Shopping,248.98,UPI,Online,21,21,2496,0.1,0.0162,0
28,97302,Travel,4058.97,Net Banking,Local,23,44,21265,0.191,0.0417,0
53,15138,Entertainment,1876.48,Cash,Online,7,32,24564,0.076,0.124,1
56,146430,Other,645.53,Wallet,Transport,12,55,26185,0.025,0.0044,0
57,134619,Healthcare,3073.89,Cash,Transport,9,5,17313,0.178,0.0228,0
52,100376,Other,2524.66,Cash,Subscription,1,39,22584,0.112,0.0252,0
51,114931,Food,4650.97,Card,Utility,7,9,29202,0.159,0.0405,0
41,96532,Shopping,1978.13,Wallet,Restaurant,5,53,20665,0.096,0.0205,0
39,70778,Other,6722.03,UPI,Utility,15,18,25678,0.262,0.095,1
22,52772,Food,1592.75,UPI,Education,17,21,9131,0.174,0.0302,0
50,73478,Travel,2527.73,Cash,Online,16,8,26060,0.097,0.0344,0
53,41762,Travel,2765.39,Cash,Restaurant,5,44,22352,0.124,0.0662,0
37,70568,Entertainment,9200.75,Net Banking,Restaurant,12,52,26994,0.341,0.1304,1
36,100090,Other,1260.95,Wallet,Utility,22,34,5007,0.252,0.0126,0
52,35219,Entertainment,1231.87,Cash,Restaurant,13,10,1027,1.199,0.035,1
34,72169,Bills,2801.82,Net Banking,Restaurant,29,51,29481,0.095,0.0388,0
51,89965,Healthcare,599.78,Wallet,Transport,25,41,3496,0.172,0.0067,0
26,99754,Other,979.23,UPI,Local,20,57,3967,0.247,0.0098,0
43,92988,Travel,1561.91,Net Banking,Online,29,24,18245,0.086,0.0168,0
19,147379,Shopping,4561.36,Wallet,Utility,9,40,23701,0.192,0.0309,0
26,95388,Food,2803.05,Net Banking,Transport,23,24,15272,0.184,0.0294,0
26,105768,Education,1825.97,Cash,Education,10,56,1203,1.518,0.0173,1
57,50428,Entertainment,1176.02,Card,Education,12,32,1162,1.012,0.0233,1
34,107021,Education,5700.07,UPI,Subscription,11,56,25440,0.224,0.0533,1
18,133418,Other,1659.8,Cash,Restaurant,8,33,9614,0.173,0.0124,0
42,147212,Shopping,978.5,Cash,Restaurant,3,38,6756,0.145,0.0066,0
57,41421,Entertainment,6373.58,Wallet,Utility,6,44,28932,0.22,0.1539,1
59,16708,Education,623.31,Net Banking,Local,23,57,8867,0.07,0.0373,0
42,149702,Healthcare,3863.74,UPI,Local,28,56,13960,0.277,0.0258,0
56,91021,Shopping,1747.9,Cash,Utility,21,51,5797,0.302,0.0192,0
52,59789,Food,2798.7,Wallet,Utility,1,59,26011,0.108,0.0468,0
20,41086,Healthcare,2482.86,UPI,Transport,6,49,9073,0.274,0.0604,0
54,31859,Shopping,2772.72,Net Banking,Education,28,34,16082,0.172,0.087,1
47,22684,Bills,6728.98,Cash,Utility,8,11,5878,1.145,0.2966,1
55,106088,Entertainment,6103.8,Cash,Education,4,31,14000,0.436,0.0575,1
51,147279,Travel,1019.16,Cash,Subscription,14,18,805,1.266,0.0069,1
29,61099,Food,2421.47,UPI,Education,17,23,22381,0.108,0.0396,0
36,81093,Other,390.02,UPI,Transport,3,22,5197,0.075,0.0048,0
54,63651,Healthcare,2967.77,UPI,Restaurant,18,43,19274,0.154,0.0466,0
34,28893,Healthcare,3421.18,UPI,Restaurant,19,18,27279,0.125,0.1184,1
27,81418,Education,252.38,Wallet,Education,25,40,29883,0.008,0.0031,0
29,140074,Entertainment,1703.05,Card,Restaurant,6,47,7722,0.221,0.0122,0
33,118065,Other,2795.4,Wallet,Restaurant,25,41,8433,0.331,0.0237,0
41,145351,Travel,2199.86,Cash,Online,7,47,18349,0.12,0.0151,0
36,53635,Shopping,634.14,Wallet,Subscription,16,39,24736,0.026,0.0118,0
25,110071,Travel,693.86,Net Banking,Transport,12,20,11963,0.058,0.0063,0
48,93518,Entertainment,1565.37,UPI,Transport,23,13,902,1.735,0.0167,1
38,121233,Entertainment,1260.82,Net Banking,Restaurant,20,45,13401,0.094,0.0104,0
34,118651,Bills,1350.57,Net Banking,Local,27,1,7440,0.182,0.0114,0
40,87805,Bills,561.67,Cash,Transport,22,52,16522,0.034,0.0064,0
54,137813,Travel,1768.9,UPI,Subscription,10,4,19554,0.09,0.0128,0
33,94063,Shopping,4583.38,Net Banking,Utility,26,24,8595,0.533,0.0487,0
23,17454,Travel,657.34,Cash,Subscription,0,36,26877,0.024,0.0377,0
25,35878,Entertainment,1474.1,UPI,Restaurant,1,36,11342,0.13,0.0411,0
42,83344,Entertainment,2596.48,Card,Restaurant,16,45,25252,0.103,0.0312,0
35,119946,Education,451.41,Cash,Online,4,2,5044,0.089,0.0038,0
42,51593,Bills,1781.28,Wallet,Education,29,28,25818,0.069,0.0345,0
29,51304,Other,3355.26,UPI,Transport,29,26,22544,0.149,0.0654,0
32,128613,Other,780.48,Net Banking,Education,5,23,6574,0.119,0.0061,0
43,33354,Other,1902.74,Net Banking,Education,25,15,19232,0.099,0.057,0
58,37190,Education,3201.58,Wallet,Transport,24,36,7350,0.436,0.0861,1
43,21142,Food,6516.23,Wallet,Transport,23,27,21286,0.306,0.3082,1
49,56862,Other,1836.08,Net Banking,Restaurant,6,6,1250,1.469,0.0323,1
27,140438,Entertainment,996.45,UPI,Transport,27,35,25944,0.038,0.0071,0
33,63456,Education,338.42,Cash,Local,20,39,20946,0.016,0.0053,0
24,115167,Travel,1003.01,Wallet,Local,29,38,29043,0.035,0.0087,0
34,97035,Bills,533.87,Wallet,Utility,14,35,24318,0.022,0.0055,0
40,23016,Bills,4817.35,Wallet,Transport,18,36,25289,0.19,0.2093,1
43,17384,Shopping,3077.66,Card,Online,15,10,2117,1.454,0.177,1
38,117239,Travel,693.72,UPI,Utility,24,30,3030,0.229,0.0059,0
39,126431,Shopping,952.46,UPI,Restaurant,12,53,3833,0.248,0.0075,0
24,95018,Education,1815.1,UPI,Transport,4,41,7734,0.235,0.0191,0
31,55510,Healthcare,3339.08,UPI,Local,2,38,26673,0.125,0.0602,0
32,36826,Other,2425.48,UPI,Online,2,29,22652,0.107,0.0659,0
24,83026,Food,2271.76,Net Banking,Utility,18,52,24591,0.092,0.0274,0
26,136668,Travel,1990.36,Wallet,Online,13,59,1011,1.969,0.0146,1
25,39045,Travel,725.4,Net Banking,Transport,15,43,15046,0.048,0.0186,0
40,105102,Travel,1831.69,Card,Subscription,21,39,5582,0.328,0.0174,0
46,66919,Shopping,1681.42,Cash,Online,16,50,23744,0.071,0.0251,0
35,114441,Education,527.31,Wallet,Online,26,4,17136,0.031,0.0046,0
48,133325,Travel,4741.99,Card,Restaurant,3,5,21017,0.226,0.0356,0
47,34337,Healthcare,1104.43,Net Banking,Local,12,4,9320,0.119,0.0322,0
56,92949,Travel,539.98,Cash,Transport,7,36,3976,0.136,0.0058,0
52,15276,Bills,1248.73,Card,Online,18,59,9678,0.129,0.0817,1
35,66151,Other,1432.71,Cash,Transport,4,45,2225,0.644,0.0217,0
59,67887,Food,1645.82,Card,Local,1,16,18977,0.087,0.0242,0
56,96442,Other,1415.39,Net Banking,Restaurant,14,25,14265,0.099,0.0147,0
34,64847,Bills,1712.51,Cash,Transport,1,14,2201,0.778,0.0264,0
31,73653,Bills,1920.75,Card,Education,10,11,8996,0.214,0.0261,0
48,71622,Food,1853.19,Net Banking,Local,12,29,22718,0.082,0.0259,0
41,42810,Healthcare,2260.52,Wallet,Local,22,34,12770,0.177,0.0528,0
52,92842,Education,2351.74,Net Banking,Utility,9,22,10972,0.214,0.0253,0
51,137225,Bills,2391.29,Net Banking,Restaurant,2,14,21224,0.113,0.0174,0
20,25503,Education,2795.19,Wallet,Restaurant,4,56,3307,0.845,0.1096,1
54,99761,Bills,1014.37,Net Banking,Education,2,24,16154,0.063,0.0102,0
57,141439,Entertainment,1042.94,Wallet,Transport,5,59,11578,0.09,0.0074,0
43,26590,Food,3348.93,Wallet,Subscription,12,39,28530,0.117,0.1259,1
40,81624,Bills,1277.13,Wallet,Education,9,26,23185,0.055,0.0156,0
56,135356,Entertainment,1581.76,Card,Utility,18,43,8072,0.196,0.0117,0
32,57727,Other,1483.25,Cash,Restaurant,7,36,17908,0.083,0.0257,0
21,93471,Shopping,6369.83,Card,Local,17,39,29388,0.217,0.0681,1
46,23068,Entertainment,884.86,Wallet,Restaurant,2,16,19859,0.045,0.0384,0
39,131923,Travel,871.77,Cash,Education,23,58,9198,0.095,0.0066,0
42,26390,Bills,1716.67,Cash,Subscription,23,38,5356,0.321,0.0651,0
30,121752,Entertainment,1513.59,Wallet,Online,16,59,28027,0.054,0.0124,0
35,109754,Education,688.27,Cash,Online,7,32,7224,0.095,0.0063,0
50,90969,Shopping,1619.44,Cash,Restaurant,9,6,9745,0.166,0.0178,0
33,92064,Healthcare,1749.78,Card,Restaurant,1,34,11366,0.154,0.019,0
59,36281,Bills,1183.75,Cash,Utility,11,56,19451,0.061,0.0326,0
19,69189,Travel,1551.52,Wallet,Restaurant,22,8,10596,0.146,0.0224,0
52,63511,Healthcare,953.06,UPI,Subscription,5,30,29446,0.032,0.015,0
59,137115,Entertainment,689.63,UPI,Restaurant,1,27,5087,0.136,0.005,0
51,23605,Healthcare,1270.0,UPI,Transport,20,7,5422,0.234,0.0538,0
47,115318,Healthcare,779.37,Wallet,Education,22,27,5546,0.141,0.0068,0
30,147453,Shopping,583.96,UPI,Subscription,23,25,19778,0.03,0.004,0
30,34810,Other,326.34,Card,Utility,2,56,7703,0.042,0.0094,0
35,56869,Healthcare,2013.47,Wallet,Transport,16,46,24362,0.083,0.0354,0
49,47955,Healthcare,1238.78,Wallet,Transport,28,41,15903,0.078,0.0258,0
49,76388,Bills,3361.58,Wallet,Education,6,15,22158,0.152,0.044,0
52,25207,Other,1315.95,Cash,Online,28,25,26176,0.05,0.0522,0
56,37031,Shopping,2006.86,Cash,Subscription,20,22,28737,0.07,0.0542,0
46,95807,Travel,1063.54,Cash,Education,4,18,10328,0.103,0.0111,0
46,86312,Entertainment,1679.73,Net Banking,Transport,22,12,16297,0.103,0.0195,0
33,74766,Shopping,328.72,Card,Utility,0,23,26531,0.012,0.0044,0
27,104833,Shopping,1256.11,Wallet,Education,7,51,20497,0.061,0.012,0
47,126041,Food,889.34,Wallet,Online,11,45,538,1.653,0.0071,1
42,131185,Shopping,3144.65,Cash,Transport,13,39,19968,0.157,0.024,0
56,25350,Other,1920.56,Wallet,Education,15,25,6765,0.284,0.0758,0
37,115859,Food,2867.13,Wallet,Subscription,9,10,29315,0.098,0.0247,0
22,83487,Entertainment,3597.81,UPI,Online,14,30,27807,0.129,0.0431,0
18,138853,Healthcare,1181.49,Wallet,Subscription,20,10,7098,0.166,0.0085,0
47,68117,Bills,1865.26,Net Banking,Subscription,23,34,2915,0.64,0.0274,0
20,116084,Bills,722.17,Cash,Subscription,25,46,17642,0.041,0.0062,0
31,38782,Entertainment,2213.26,Card,Education,14,13,21226,0.104,0.0571,0
47,43454,Entertainment,2429.51,Card,Online,9,54,23950,0.101,0.0559,0
21,82904,Other,2113.78,UPI,Education,20,29,20000,0.106,0.0255,0
35,144936,Education,1180.5,Card,Education,27,38,17648,0.067,0.0081,0
54,137258,Healthcare,5018.95,Card,Education,6,41,27498,0.183,0.0366,1
42,126668,Entertainment,1746.59,Cash,Transport,25,45,26390,0.066,0.0138,0
18,139184,Shopping,725.64,Cash,Restaurant,2,9,29378,0.025,0.0052,0
32,31566,Other,2581.39,Net Banking,Local,1,13,29071,0.089,0.0818,1
26,53333,Bills,3204.64,UPI,Transport,5,37,14806,0.216,0.0601,0
32,136929,Travel,737.3,Card,Online,20,14,20913,0.035,0.0054,0
41,104571,Other,1433.44,Net Banking,Local,8,37,15077,0.095,0.0137,0
21,135263,Bills,530.74,UPI,Local,9,9,12385,0.043,0.0039,0
29,147661,Food,3685.02,Card,Local,3,8,11877,0.31,0.025,0
54,40235,Other,1607.68,Card,Restaurant,26,39,11558,0.139,0.04,0
54,15159,Bills,892.44,Cash,Education,2,40,23329,0.038,0.0589,0
23,119859,Education,3231.15,Wallet,Utility,8,54,7943,0.407,0.027,0
56,122507,Other,1713.69,UPI,Online,23,3,18201,0.094,0.014,0
41,29743,Other,2952.36,Card,Restaurant,21,55,17584,0.168,0.0993,1
28,61101,Healthcare,2306.99,UPI,Restaurant,16,56,24411,0.095,0.0378,0
30,136534,Entertainment,800.28,Net Banking,Utility,13,47,4883,0.164,0.0059,0
51,99227,Healthcare,1150.96,Net Banking,Local,9,40,27277,0.042,0.0116,0
42,86126,Other,911.79,Wallet,Education,12,33,2093,0.436,0.0106,0
24,71071,Entertainment,685.91,Card,Utility,11,32,15258,0.045,0.0097,0
21,89763,Bills,418.44,Cash,Utility,26,7,29063,0.014,0.0047,0
25,61154,Travel,5646.18,Card,Restaurant,0,19,21029,0.268,0.0923,1
37,22016,Travel,2087.74,UPI,Online,27,34,26306,0.079,0.0948,1
46,104678,Other,2297.39,Net Banking,Subscription,21,14,23591,0.097,0.0219,0
27,127056,Education,3462.48,UPI,Education,28,50,23881,0.145,0.0273,0
51,69238,Food,1142.32,Wallet,Utility,18,47,7526,0.152,0.0165,0
43,73608,Bills,564.58,Net Banking,Education,18,46,3112,0.181,0.0077,0
58,104081,Entertainment,2787.0,Cash,Utility,5,56,11829,0.236,0.0268,0
20,65961,Other,644.45,Net Banking,Local,12,57,24283,0.027,0.0098,0
23,41917,Bills,2744.29,Card,Education,18,19,2408,1.14,0.0655,1
22,42990,Other,492.96,Card,Local,12,51,7454,0.066,0.0115,0
22,77551,Education,606.5,Net Banking,Restaurant,26,54,15685,0.039,0.0078,0
40,95811,Shopping,1058.57,Wallet,Local,25,59,18674,0.057,0.011,0
26,70103,Shopping,2677.69,Card,Education,21,26,25052,0.107,0.0382,0
52,121122,Education,4610.15,Card,Transport,20,17,15996,0.288,0.0381,0
37,34008,Entertainment,2294.94,Cash,Education,3,54,3428,0.669,0.0675,0
59,47402,Healthcare,1090.34,Net Banking,Utility,23,28,9780,0.111,0.023,0
52,128550,Education,3116.55,Card,Local,1,19,8181,0.381,0.0242,0
35,106218,Other,480.11,Wallet,Online,14,27,22135,0.022,0.0045,0
34,148296,Entertainment,834.98,UPI,Transport,11,48,27457,0.03,0.0056,0
41,135779,Travel,1829.76,Net Banking,Restaurant,29,52,4627,0.395,0.0135,0
20,144714,Education,2846.48,Cash,Subscription,26,57,5463,0.521,0.0197,0
49,47441,Entertainment,1486.26,Card,Utility,6,19,28021,0.053,0.0313,0
52,77368,Education,1374.11,Wallet,Utility,19,33,12261,0.112,0.0178,0
55,107122,Education,1433.06,Net Banking,Online,17,51,14054,0.102,0.0134,0
30,59760,Healthcare,3442.81,Wallet,Subscription,30,7,22195,0.155,0.0576,0
42,38478,Healthcare,958.89,Wallet,Subscription,22,29,9857,0.097,0.0249,0
26,142881,Other,791.01,Cash,Restaurant,12,55,25676,0.031,0.0055,0
21,86854,Entertainment,1416.8,Net Banking,Restaurant,16,43,18909,0.075,0.0163,0
31,109230,Entertainment,3749.47,Card,Transport,3,5,26660,0.141,0.0343,0
54,100716,Food,1044.98,Cash,Utility,24,30,24699,0.042,0.0104,0
51,113538,Education,1429.81,Card,Local,13,49,1487,0.962,0.0126,1
28,30372,Shopping,473.26,UPI,Restaurant,19,43,22194,0.021,0.0156,0
58,44796,Education,1473.15,Wallet,Online,27,56,2465,0.598,0.0329,0
20,113826,Education,2019.78,UPI,Online,12,58,7816,0.258,0.0177,0
45,135592,Entertainment,645.27,Wallet,Online,2,8,26515,0.024,0.0048,0
46,108635,Education,3446.91,Cash,Education,25,42,29691,0.116,0.0317,0
26,126022,Bills,2002.09,Card,Restaurant,25,12,14546,0.138,0.0159,0
20,69040,Education,1170.38,Card,Restaurant,17,42,1368,0.856,0.017,1
42,90357,Bills,2012.3,Cash,Online,13,13,18947,0.106,0.0223,0
51,93356,Healthcare,2385.28,Net Banking,Restaurant,14,26,18013,0.132,0.0256,0
29,31211,Shopping,367.39,UPI,Education,2,18,4878,0.075,0.0118,0
59,120426,Other,2065.09,UPI,Local,0,42,15963,0.129,0.0171,0
26,20842,Entertainment,3665.99,Card,Local,25,51,29532,0.124,0.1759,1
32,81852,Education,948.5,Card,Transport,23,52,28805,0.033,0.0116,0
57,140737,Bills,1189.07,Card,Utility,16,49,22038,0.054,0.0084,0
42,60968,Bills,1338.23,Cash,Local,2,20,23140,0.058,0.0219,0
22,32508,Healthcare,2867.22,Net Banking,Transport,13,16,23335,0.123,0.0882,1
28,69575,Bills,738.78,UPI,Subscription,2,37,18818,0.039,0.0106,0
51,81914,Other,2312.87,Wallet,Utility,12,3,13746,0.168,0.0282,0
41,82055,Travel,1356.54,Cash,Local,14,27,1576,0.861,0.0165,1
32,102697,Food,4745.64,UPI,Education,17,15,22084,0.215,0.0462,0
55,121239,Other,1414.24,Net Banking,Subscription,13,58,18523,0.076,0.0117,0
25,138106,Shopping,216.69,Cash,Transport,20,34,15669,0.014,0.0016,0
22,20355,Other,2603.37,UPI,Local,25,45,26468,0.098,0.1279,1
43,69120,Healthcare,2235.25,Cash,Local,2,22,6885,0.325,0.0323,0
35,53342,Healthcare,1944.59,UPI,Restaurant,18,40,8722,0.223,0.0365,0
23,17257,Other,3602.71,UPI,Subscription,7,23,24880,0.145,0.2088,1
54,42364,Education,416.21,Net Banking,Local,3,59,17587,0.024,0.0098,0
30,126715,Travel,844.84,Wallet,Online,3,49,25944,0.033,0.0067,0
45,41654,Education,1673.76,Net Banking,Education,18,4,5980,0.28,0.0402,0
22,96423,Education,1874.25,UPI,Restaurant,10,51,25308,0.074,0.0194,0
30,44320,Other,1506.76,Cash,Restaurant,0,54,8277,0.182,0.034,0
34,35808,Entertainment,479.47,Net Banking,Local,7,57,5862,0.082,0.0134,0
57,67389,Entertainment,1197.7,Wallet,Education,14,41,1450,0.826,0.0178,1
49,133581,Entertainment,4539.11,UPI,Restaurant,0,23,8750,0.519,0.034,0
46,142927,Travel,710.42,Net Banking,Utility,6,47,3318,0.214,0.005,0
20,49773,Education,1647.92,Net Banking,Subscription,20,9,4100,0.402,0.0331,0
57,91396,Food,2318.6,Net Banking,Utility,19,24,11841,0.196,0.0254,0
51,122692,Shopping,2813.54,Net Banking,Transport,19,21,15553,0.181,0.0229,0
57,72505,Entertainment,2595.19,Cash,Utility,23,41,25377,0.102,0.0358,0
44,100896,Entertainment,1133.83,Wallet,Education,10,46,24729,0.046,0.0112,0
30,33135,Healthcare,841.99,Wallet,Online,26,55,27926,0.03,0.0254,0
50,105887,Education,4769.26,UPI,Restaurant,28,53,19828,0.241,0.045,0
23,137118,Education,2993.14,Card,Education,13,16,14833,0.202,0.0218,0
41,62377,Travel,1758.68,Cash,Restaurant,21,56,6755,0.26,0.0282,0
36,77491,Travel,3998.99,UPI,Online,15,55,24464,0.163,0.0516,0
33,73283,Entertainment,567.46,UPI,Restaurant,13,25,26999,0.021,0.0077,0
57,31923,Education,222.9,Net Banking,Utility,11,26,25392,0.009,0.007,0
45,62591,Food,1859.68,Card,Transport,16,49,26964,0.069,0.0297,0
50,77261,Shopping,1920.41,Card,Local,13,45,22148,0.087,0.0249,0
58,69336,Other,523.7,Cash,Online,9,9,11407,0.046,0.0076,0
30,89083,Education,2923.74,Card,Utility,23,15,29861,0.098,0.0328,0
42,75948,Healthcare,311.92,UPI,Education,28,39,26957,0.012,0.0041,0
59,41672,Other,2142.87,Card,Utility,13,33,16507,0.13,0.0514,0
53,19213,Education,2476.46,Card,Utility,17,1,14741,0.168,0.1289,1
44,77507,Bills,1844.52,Wallet,Local,21,5,12590,0.147,0.0238,0
55,72134,Travel,462.81,UPI,Subscription,8,56,12805,0.036,0.0064,0
24,148172,Healthcare,3578.47,Card,Restaurant,16,9,24402,0.147,0.0242,0
22,43172,Shopping,1162.17,Card,Restaurant,5,44,25006,0.046,0.0269,0
48,35132,Entertainment,1164.93,Net Banking,Education,7,6,18062,0.064,0.0332,0
40,33199,Healthcare,999.94,Card,Transport,25,28,20739,0.048,0.0301,0
59,51609,Education,2653.8,Card,Education,12,45,13565,0.196,0.0514,0
27,46881,Entertainment,1121.77,Wallet,Subscription,17,26,13147,0.085,0.0239,0
49,39472,Education,657.22,UPI,Restaurant,4,28,9023,0.073,0.0167,0
47,69131,Entertainment,3145.21,Cash,Transport,5,40,6537,0.481,0.0455,0
56,27828,Shopping,1620.48,UPI,Education,20,15,1027,1.578,0.0582,1
48,111664,Travel,3215.84,Net Banking,Transport,18,6,18943,0.17,0.0288,0
35,147473,Shopping,1705.41,UPI,Utility,3,27,9790,0.174,0.0116,0
53,30193,Bills,948.94,Card,Online,6,38,711,1.335,0.0314,1
